1,Precious Achiuwa\achiupr01,PF,21,MIA,40,2,13.1,2.3,3.9,.577,0.0,0.0,,2.3,3.9,.577,.577,1.1,2.1,.518,1.3,2.5,3.8,0.5,0.4,0.5,0.9,1.6,5.6
2,Jaylen Adams\adamsja01,PG,24,MIL,7,0,2.6,0.1,1.1,.125,0.0,0.3,.000,0.1,0.9,.167,.125,0.0,0.0,,0.0,0.4,0.4,0.3,0.0,0.0,0.0,0.1,0.3
3,Steven Adams\adamsst01,C,27,NOP,38,38,27.6,3.5,5.6,.627,0.0,0.1,.000,3.5,5.5,.633,.627,1.1,2.3,.471,4.0,5.1,9.1,2.0,0.9,0.5,1.5,2.0,8.1
4,Bam Adebayo\adebaba01,C,23,MIA,36,36,33.6,7.1,12.6,.560,0.1,0.2,.333,7.0,12.5,.563,.563,4.8,5.6,.842,2.3,7.2,9.5,5.4,0.9,1.0,2.9,2.4,19.0
5,LaMarcus Aldridge\aldrila01,C,35,SAS,21,18,25.9,5.5,11.8,.464,1.3,3.6,.360,4.2,8.2,.509,.518,1.5,1.8,.838,0.8,3.7,4.5,1.7,0.4,0.9,1.0,1.7,13.7
6,Ty-Shon Alexander\alexaty01,SG,22,PHO,3,0,2.7,0.0,1.0,.000,0.0,0.3,.000,0.0,0.7,.000,.000,0.0,0.0,,0.0,0.3,0.3,0.3,0.0,0.0,0.0,0.3,0.0
7,Nickeil Alexander-Walker\alexani01,SG,22,NOP,33,3,17.9,3.2,7.9,.408,1.2,3.8,.323,2.0,4.1,.485,.485,0.9,1.2,.816,0.2,2.5,2.6,1.9,1.0,0.4,1.2,1.6,8.6
8,Grayson Allen\allengr01,SG,25,MEM,26,14,24.0,3.1,7.4,.415,2.0,4.9,.406,1.1,2.5,.431,.549,1.5,1.7,.909,0.3,2.6,2.9,2.2,1.0,0.1,1.0,1.3,9.7
9,Jarrett Allen\allenja01,C,22,TOT,40,22,28.3,4.7,7.2,.651,0.1,0.3,.400,4.6,7.0,.659,.657,3.4,4.8,.711,3.1,6.7,9.8,1.7,0.4,1.7,1.5,1.6,12.9
9,Jarrett Allen\allenja01,C,22,BRK,12,5,26.7,3.7,5.4,.677,0.0,0.0,,3.7,5.4,.677,.677,3.8,5.1,.754,3.2,7.3,10.4,1.7,0.6,1.6,1.8,1.8,11.2
9,Jarrett Allen\allenja01,C,22,CLE,28,17,29.0,5.1,8.0,.643,0.1,0.4,.400,5.0,7.6,.654,.652,3.2,4.6,.690,3.1,6.5,9.5,1.7,0.4,1.8,1.3,1.5,13.6
10,Al-Farouq Aminu\aminual01,PF,30,ORL,14,11,20.1,1.6,4.6,.359,0.5,1.9,.269,1.1,2.7,.421,.414,0.9,1.0,.857,1.0,3.7,4.7,1.4,0.9,0.4,1.3,1.4,4.6
11,Kyle Anderson\anderky01,PF,27,MEM,36,36,27.1,4.7,9.8,.476,1.4,3.8,.365,3.3,6.0,.546,.547,2.0,2.6,.768,0.8,5.0,5.8,3.3,1.1,0.6,1.4,1.7,12.8
12,Giannis Antetokounmpo\antetgi01,PF,26,MIL,39,39,34.2,10.6,18.8,.563,1.1,3.8,.295,9.5,15.0,.632,.593,6.8,10.1,.676,1.8,9.9,11.8,6.2,1.3,1.3,3.7,3.0,29.1
13,Kostas Antetokounmpo\antetko01,PF,23,LAL,3,0,6.3,0.3,1.0,.333,0.0,0.0,,0.3,1.0,.333,.333,0.3,0.7,.500,0.7,2.0,2.7,0.0,0.3,0.7,1.7,1.0,1.0
14,Thanasis Antetokounmpo\antetth01,SF,28,MIL,29,0,8.4,1.0,1.6,.596,0.1,0.3,.222,0.9,1.3,.684,.617,0.2,0.4,.462,0.9,1.0,2.0,0.6,0.3,0.2,0.7,1.2,2.2
15,Carmelo Anthony\anthoca01,PF,36,POR,40,3,25.9,5.0,11.9,.420,1.8,4.6,.391,3.2,7.3,.438,.496,2.4,2.8,.856,0.6,2.8,3.4,1.7,0.9,0.8,1.1,2.3,14.2
16,Cole Anthony\anthoco01,PG,20,ORL,25,17,26.7,4.0,10.8,.375,1.1,3.3,.325,3.0,7.4,.398,.426,1.8,2.2,.836,0.8,3.6,4.4,3.8,0.7,0.4,2.0,2.0,11.0
17,OG Anunoby\anunoog01,SF,23,TOR,24,24,33.5,5.0,10.3,.488,2.2,5.4,.403,2.8,4.9,.581,.593,1.7,2.2,.755,1.4,4.3,5.7,1.6,1.7,0.8,1.6,2.9,13.8
18,Ryan Arcidiacono\arcidry01,PG,26,CHI,23,0,11.1,1.1,2.9,.388,0.5,1.7,.275,0.7,1.2,.556,.470,0.4,0.4,.900,0.1,1.6,1.7,1.2,0.3,0.0,0.2,1.0,3.1
19,Trevor Ariza\arizatr01,F,35,MIA,1,0,6.0,0.0,2.0,.000,0.0,1.0,.000,0.0,1.0,.000,.000,0.0,0.0,,0.0,0.0,0.0,2.0,0.0,0.0,0.0,0.0,0.0
20,D.J. Augustin\augusdj01,PG,33,TOT,38,6,19.3,1.9,5.2,.369,1.3,3.4,.382,0.6,1.8,.343,.495,1.0,1.1,.905,0.3,1.1,1.4,3.0,0.6,0.0,0.9,0.9,6.2
20,D.J. Augustin\augusdj01,PG,33,MIL,37,6,19.3,1.9,5.2,.370,1.3,3.5,.380,0.6,1.7,.349,.497,1.0,1.1,.900,0.3,1.1,1.4,3.0,0.5,0.0,0.9,0.9,6.1
20,D.J. Augustin\augusdj01,G,33,HOU,1,0,20.0,2.0,6.0,.333,1.0,2.0,.500,1.0,4.0,.250,.417,2.0,2.0,1.000,2.0,1.0,3.0,3.0,1.0,0.0,0.0,0.0,7.0
21,Deni Avdija\avdijde01,SF,20,WAS,36,17,22.3,2.4,5.5,.439,1.0,3.1,.327,1.4,2.4,.580,.530,0.4,0.6,.619,0.4,4.3,4.6,1.3,0.6,0.2,0.8,2.6,6.2
22,Deandre Ayton\aytonde01,C,22,PHO,40,40,30.3,6.1,10.2,.599,0.1,0.4,.235,6.0,9.8,.615,.604,1.9,2.5,.740,3.3,7.7,11.0,1.5,0.4,1.1,1.7,3.2,14.2
23,Udoka Azubuike\azubuud01,C,21,UTA,12,0,4.1,0.3,0.6,.571,0.0,0.0,,0.3,0.6,.571,.571,0.3,0.5,.667,0.3,0.8,1.1,0.0,0.1,0.3,0.3,0.7,1.0
24,Dwayne Bacon\bacondw01,SG,25,ORL,41,26,25.3,3.8,9.3,.403,1.0,3.1,.336,2.7,6.2,.437,.459,1.7,2.0,.852,0.3,2.6,2.9,1.1,0.6,0.1,0.7,1.6,10.2
25,Marvin Bagley III\baglema01,PF,21,SAC,37,37,25.7,5.6,11.2,.502,0.9,2.6,.354,4.7,8.6,.547,.543,1.6,2.9,.560,2.5,5.0,7.4,0.9,0.5,0.5,1.3,2.4,13.9
26,LaMelo Ball\ballla01,PG,19,CHO,40,20,28.8,5.8,12.9,.453,2.0,5.3,.377,3.8,7.6,.507,.531,2.3,2.9,.802,1.4,4.5,5.9,6.2,1.6,0.4,2.9,2.8,16.0
27,Lonzo Ball\balllo01,PG,23,NOP,38,38,31.7,5.2,12.1,.425,3.0,7.8,.385,2.2,4.3,.497,.549,0.9,1.1,.767,0.6,3.6,4.2,5.6,1.3,0.6,2.0,2.0,14.2
28,Mo Bamba\bambamo01,C,22,ORL,22,0,10.2,1.9,4.0,.477,0.4,1.5,.281,1.5,2.5,.589,.528,0.4,0.6,.571,1.0,2.9,3.9,0.3,0.1,0.9,0.4,1.4,4.6
29,Desmond Bane\banede01,SG,22,MEM,34,10,22.5,3.5,7.3,.482,1.7,3.9,.444,1.8,3.4,.526,.601,0.7,0.8,.889,0.4,2.5,2.9,1.3,0.7,0.1,1.0,1.9,9.4
30,Harrison Barnes\barneha02,PF,28,SAC,38,38,35.8,5.6,11.3,.494,1.6,4.3,.370,4.0,7.0,.569,.564,3.8,4.6,.829,1.1,5.3,6.4,3.5,0.8,0.2,1.4,1.3,16.6
31,RJ Barrett\barrerj01,SG,20,NYK,42,42,33.6,6.5,14.5,.451,1.2,3.3,.355,5.4,11.2,.479,.491,3.0,4.1,.733,1.1,4.9,6.0,2.9,0.7,0.2,1.9,2.6,17.2
32,Will Barton\bartowi01,SF,30,DEN,38,34,30.7,4.8,10.8,.447,1.8,4.5,.395,3.1,6.3,.483,.529,1.3,1.8,.746,0.7,3.4,4.1,3.2,0.8,0.4,1.7,1.7,12.8
33,Keita Bates-Diop\bateske01,SF,25,SAS,16,0,7.4,0.7,2.0,.344,0.3,0.9,.333,0.4,1.1,.353,.422,0.4,0.6,.700,0.3,0.9,1.3,0.4,0.4,0.1,0.1,0.3,2.1
34,Nicolas Batum\batumni01,SF,32,LAC,39,37,28.8,3.1,6.4,.474,1.9,4.4,.441,1.1,2.1,.543,.624,0.8,0.9,.833,0.8,3.8,4.7,2.3,1.2,0.3,0.7,1.7,8.8
35,Aron Baynes\baynear01,C,34,TOR,38,29,19.5,2.6,6.2,.426,0.5,2.1,.250,2.1,4.1,.516,.468,0.5,0.7,.731,1.7,3.7,5.5,1.0,0.3,0.4,0.8,2.3,6.3
36,Kent Bazemore\bazemke01,SF,31,GSW,40,1,16.4,2.2,4.9,.448,1.0,2.5,.404,1.2,2.4,.495,.552,0.7,1.0,.711,0.4,2.5,2.8,1.5,0.8,0.5,1.1,2.1,6.0
37,Darius Bazley\bazleda01,PF,20,OKC,36,36,30.7,4.4,11.2,.392,1.5,5.2,.290,2.9,6.0,.479,.459,1.6,2.3,.704,0.6,6.9,7.5,1.5,0.5,0.6,1.8,0.9,11.9
38,Bradley Beal\bealbr01,SG,27,WAS,37,37,35.8,11.4,23.3,.491,2.3,6.7,.337,9.2,16.6,.553,.539,7.4,8.2,.901,1.2,4.1,5.2,4.6,1.3,0.4,3.2,2.5,32.5
39,Malik Beasley\beaslma01,SG,24,MIN,33,32,33.1,7.6,16.7,.455,3.5,8.7,.406,4.1,8.0,.508,.560,1.8,2.2,.847,0.8,3.8,4.6,2.5,0.8,0.2,1.6,1.6,20.5
40,Jordan Bell\belljo01,C,26,WAS,3,1,16.7,1.7,5.0,.333,0.0,0.7,.000,1.7,4.3,.385,.333,0.0,0.0,,1.7,3.7,5.3,1.7,0.3,1.0,1.0,1.3,3.3
41,DeAndre' Bembry\bembrde01,SF,26,TOR,30,7,17.4,1.9,3.6,.532,0.3,0.9,.333,1.6,2.7,.598,.573,0.5,0.7,.682,0.5,1.8,2.3,1.9,0.7,0.3,1.1,1.6,4.7
42,Dāvis Bertāns\bertada01,PF,28,WAS,35,3,24.7,3.2,8.2,.389,2.8,7.3,.382,0.4,1.0,.441,.557,1.7,1.9,.853,0.4,2.5,2.9,0.9,0.6,0.2,0.6,2.5,10.8
43,Patrick Beverley\beverpa01,PG,32,LAC,29,29,23.8,2.8,6.2,.442,1.7,4.1,.420,1.0,2.1,.484,.580,1.1,1.3,.795,0.9,2.8,3.7,2.1,0.9,0.8,0.9,3.1,8.3
44,Saddiq Bey\beysa01,SF,21,DET,39,22,23.9,3.4,8.3,.412,2.2,5.7,.392,1.2,2.6,.455,.546,1.7,1.9,.878,0.6,3.5,4.1,1.2,0.7,0.1,0.6,1.6,10.7
45,Tyler Bey\beyty01,SF,22,DAL,5,0,2.8,0.4,1.0,.400,0.0,0.0,,0.4,1.0,.400,.400,0.4,0.8,.500,0.4,0.4,0.8,0.0,0.0,0.2,0.0,0.4,1.2
46,Khem Birch\birchkh01,C,28,ORL,40,1,20.3,2.0,4.2,.473,0.1,0.5,.222,1.9,3.8,.503,.485,1.4,1.8,.740,2.6,2.8,5.3,1.0,0.6,0.7,0.5,1.5,5.5
47,Goga Bitadze\bitadgo01,C,21,IND,21,0,9.0,1.3,2.8,.475,0.1,1.0,.143,1.2,1.8,.658,.500,0.8,1.1,.696,0.7,1.3,2.0,0.3,0.2,1.0,0.4,1.5,3.6
48,Bismack Biyombo\biyombi01,C,28,CHO,38,19,21.6,2.3,4.1,.558,0.0,0.0,.000,2.3,4.0,.562,.558,0.8,1.7,.470,2.1,3.3,5.4,1.3,0.3,1.2,0.9,2.4,5.3
49,Nemanja Bjelica\bjeline01,PF,32,SAC,24,1,17.4,2.7,5.9,.458,0.7,2.3,.291,2.0,3.6,.563,.514,1.3,1.8,.762,1.0,3.0,4.0,2.0,0.3,0.1,1.1,2.0,7.4
50,Eric Bledsoe\bledser01,SG,31,NOP,40,39,29.0,4.2,9.9,.423,1.8,4.8,.375,2.4,5.1,.468,.514,1.5,2.3,.656,0.4,3.0,3.4,3.8,0.7,0.3,1.6,1.7,11.7
51,Keljin Blevins\blevike01,SF,25,POR,9,0,5.2,0.2,1.2,.182,0.0,0.4,.000,0.2,0.8,.286,.182,0.0,0.0,,0.0,0.2,0.2,0.4,0.2,0.0,0.3,0.4,0.4
52,Bogdan Bogdanović\bogdabo01,SG,28,ATL,16,2,22.6,3.4,8.8,.386,1.9,5.9,.330,1.4,2.9,.500,.496,0.8,0.8,.923,0.4,3.2,3.6,2.3,0.4,0.1,1.1,2.0,9.4
53,Bojan Bogdanović\bogdabo02,SF,31,UTA,41,41,30.4,4.9,11.7,.417,2.5,6.5,.384,2.4,5.2,.458,.524,2.8,3.2,.871,0.5,3.4,3.9,1.9,0.5,0.0,1.5,1.7,15.1
54,Bol Bol\bolbo01,PF,21,DEN,18,2,5.2,0.8,1.6,.483,0.4,0.8,.500,0.4,0.8,.467,.603,0.1,0.1,.500,0.0,0.7,0.7,0.3,0.1,0.3,0.4,0.6,2.0
55,Marques Bolden\boldema01,C,22,CLE,6,0,4.8,0.2,0.5,.333,0.0,0.0,,0.2,0.5,.333,.333,0.8,1.3,.625,0.5,0.5,1.0,0.0,0.3,0.3,0.3,0.0,1.2
56,Jordan Bone\bonejo01,PG,23,ORL,14,0,14.0,1.6,3.9,.426,0.7,2.3,.313,0.9,1.6,.591,.519,0.0,0.0,,0.3,1.4,1.7,1.3,0.1,0.0,0.2,0.8,4.0
57,Isaac Bonga\bongais01,SF,21,WAS,25,7,12.2,0.8,2.2,.370,0.4,1.3,.333,0.4,0.8,.429,.472,0.1,0.2,.750,0.5,1.5,2.0,0.6,0.3,0.2,0.4,1.6,2.2
58,Devin Booker\bookede01,SG,24,PHO,36,36,34.0,9.3,18.7,.496,2.1,5.7,.361,7.2,13.0,.556,.551,4.5,5.4,.845,0.3,3.6,3.8,4.7,0.8,0.3,3.5,2.9,25.1
59,Chris Boucher\bouchch01,C,28,TOR,41,3,24.1,5.1,9.4,.543,1.7,3.8,.439,3.4,5.6,.613,.631,2.5,3.3,.757,1.8,4.5,6.3,1.0,0.6,2.0,0.7,2.8,14.4
60,Brian Bowen\bowenbr02,SF,22,IND,2,0,3.5,0.5,1.0,.500,0.0,0.0,,0.5,1.0,.500,.500,0.5,0.5,1.000,0.0,0.5,0.5,0.0,0.0,0.0,0.0,0.0,1.5
61,Avery Bradley\bradlav01,SG,30,MIA,10,1,21.1,3.1,6.6,.470,1.6,3.8,.421,1.5,2.8,.536,.591,0.7,0.9,.778,0.2,1.6,1.8,1.4,0.7,0.1,0.9,2.6,8.5
62,Tony Bradley\bradlto01,C,23,PHI,17,5,12.4,2.2,3.4,.638,0.0,0.1,.000,2.2,3.4,.649,.638,0.2,0.3,.600,1.9,2.8,4.6,0.8,0.2,0.6,0.2,1.2,4.5
63,Jarrell Brantley\brantja01,PF,24,UTA,11,0,2.6,0.4,0.9,.400,0.3,0.6,.429,0.1,0.3,.333,.550,0.0,0.0,,0.2,0.5,0.6,0.0,0.1,0.1,0.1,0.4,1.0
64,Ignas Brazdeikis\brazdig01,SF,22,NYK,4,0,1.8,0.0,0.3,.000,0.0,0.0,,0.0,0.3,.000,.000,0.5,0.5,1.000,0.3,0.3,0.5,0.3,0.0,0.0,0.3,0.0,0.5
65,Mikal Bridges\bridgmi01,SF,24,PHO,40,40,32.4,5.0,9.4,.537,1.9,4.4,.429,3.1,4.9,.635,.639,1.9,2.2,.831,1.2,3.7,4.9,2.4,0.8,0.9,0.8,1.6,13.8
66,Miles Bridges\bridgmi02,PF,22,CHO,40,2,26.3,3.7,7.4,.497,1.2,3.2,.365,2.5,4.2,.595,.575,1.1,1.2,.896,1.3,4.5,5.7,2.0,0.7,0.7,1.6,2.2,9.5
67,Malcolm Brogdon\brogdma01,PG,28,IND,39,39,35.5,8.3,17.9,.466,2.6,6.4,.404,5.7,11.5,.500,.538,2.5,2.9,.884,0.7,3.9,4.7,6.0,1.1,0.2,2.2,2.0,21.8
68,Dillon Brooks\brookdi01,SF,25,MEM,35,35,29.1,5.9,15.0,.392,1.8,5.7,.322,4.1,9.3,.434,.452,1.9,2.2,.833,0.8,2.0,2.9,2.5,1.3,0.4,2.0,3.4,15.5
69,Bruce Brown\brownbr01,PG,24,BRK,38,23,20.8,3.4,6.2,.553,0.2,0.9,.257,3.2,5.3,.605,.572,1.2,1.7,.714,1.6,3.0,4.5,1.4,0.7,0.3,0.8,2.1,8.3
70,Jaylen Brown\brownja02,SG,24,BOS,38,38,34.1,9.2,18.9,.486,2.3,6.1,.383,6.9,12.9,.535,.547,3.7,4.8,.755,1.1,4.4,5.5,3.9,1.3,0.6,2.9,2.9,24.4
71,Moses Brown\brownmo01,C,21,OKC,12,2,12.9,2.5,4.3,.588,0.0,0.0,,2.5,4.3,.588,.588,1.3,2.2,.615,1.9,3.0,4.9,0.3,0.3,1.1,0.4,1.9,6.3
72,Sterling Brown\brownst02,SG,25,HOU,38,7,23.8,2.7,6.4,.421,1.6,4.1,.382,1.1,2.2,.494,.545,0.5,0.5,.900,0.8,3.6,4.4,1.6,0.9,0.2,0.8,2.0,7.4
73,Troy Brown Jr.\browntr01,SF,21,WAS,20,0,13.6,1.5,4.2,.357,0.6,2.2,.273,0.9,2.0,.450,.429,0.5,0.8,.667,0.6,2.5,3.0,0.9,0.2,0.2,0.8,1.4,4.1
74,Jalen Brunson\brunsja01,PG,24,DAL,36,8,24.5,4.5,8.5,.534,1.3,3.2,.412,3.2,5.3,.607,.611,2.1,2.6,.826,0.2,3.1,3.4,3.3,0.5,0.0,1.3,1.5,12.5
75,Thomas Bryant\bryanth01,C,23,WAS,10,10,27.1,5.9,9.1,.648,0.9,2.1,.429,5.0,7.0,.714,.698,1.6,2.4,.667,1.8,4.3,6.1,1.5,0.4,0.8,1.1,3.1,14.3
76,Reggie Bullock\bullore01,SF,29,NYK,37,36,27.2,3.4,8.0,.418,2.0,5.2,.389,1.3,2.8,.471,.544,0.6,0.7,.852,0.3,3.1,3.4,1.3,0.7,0.2,0.7,2.3,9.4
77,Trey Burke\burketr01,PG,28,DAL,39,0,15.4,2.6,5.8,.453,1.2,2.9,.395,1.5,2.8,.514,.553,0.7,0.8,.871,0.1,0.8,0.9,1.5,0.6,0.1,0.5,1.1,7.1
78,Alec Burks\burksal01,SG,29,NYK,30,4,25.5,4.1,10.0,.410,1.9,4.9,.390,2.2,5.1,.429,.505,2.0,2.3,.843,0.5,3.8,4.3,2.1,0.7,0.2,1.1,1.9,12.1
79,Jimmy Butler\butleji01,SF,31,MIA,28,28,33.3,7.1,14.7,.481,0.4,1.8,.220,6.7,12.9,.517,.494,7.1,8.3,.853,2.0,5.6,7.5,7.5,2.1,0.4,2.3,1.3,21.6
80,Bruno Caboclo\cabocbr01,PF,25,HOU,6,0,6.0,1.3,2.8,.471,0.0,0.8,.000,1.3,2.0,.667,.471,0.2,0.3,.500,0.5,1.8,2.3,0.2,0.0,0.3,0.7,1.0,2.8
81,Devontae Cacok\cacokde01,PF,24,LAL,6,0,4.0,1.0,1.0,1.000,0.0,0.0,,1.0,1.0,1.000,1.000,0.0,0.3,.000,0.3,1.0,1.3,0.2,0.3,0.0,0.3,0.0,2.0
82,Kentavious Caldwell-Pope\caldwke01,SG,27,LAL,37,37,26.2,3.0,6.7,.442,1.5,3.8,.407,1.4,2.9,.486,.556,1.2,1.4,.865,0.4,2.1,2.5,1.5,0.8,0.3,1.0,1.6,8.7
83,Facundo Campazzo\campafa01,PG,29,DEN,35,1,17.6,1.6,4.1,.392,1.0,2.8,.367,0.6,1.3,.444,.517,0.9,1.2,.805,0.2,1.1,1.3,2.7,1.0,0.2,0.9,2.0,5.2
84,Vlatko Čančar\cancavl01,PF,23,DEN,23,0,5.9,0.5,1.3,.387,0.1,0.7,.188,0.4,0.7,.600,.435,0.2,0.3,.833,0.2,1.0,1.2,0.3,0.3,0.1,0.4,0.5,1.4
85,Clint Capela\capelca01,C,26,ATL,35,35,29.4,6.4,10.8,.591,0.0,0.0,,6.4,10.8,.591,.591,1.8,3.3,.539,4.9,9.2,14.1,0.9,0.7,2.3,1.4,2.3,14.6
86,Vernon Carey Jr.\careyve01,C,19,CHO,5,0,3.6,0.2,0.6,.333,0.0,0.2,.000,0.2,0.4,.500,.333,0.2,0.4,.500,0.4,0.8,1.2,0.2,0.0,0.2,0.2,0.0,0.6
87,Jevon Carter\carteje01,PG,25,PHO,32,0,10.0,1.1,2.9,.376,0.7,2.0,.333,0.4,0.9,.467,.489,0.1,0.1,1.000,0.1,1.1,1.2,1.2,0.4,0.2,0.2,1.0,2.9
88,Wendell Carter Jr.\cartewe01,C,21,CHI,29,25,25.4,4.2,8.3,.513,0.3,0.8,.364,4.0,7.5,.528,.529,2.7,3.6,.733,2.2,5.7,7.9,2.3,0.6,0.8,1.6,3.2,11.4
89,Michael Carter-Williams\cartemi01,SG,29,ORL,20,15,26.7,3.6,8.8,.403,0.5,1.8,.250,3.1,7.0,.443,.429,1.7,2.3,.733,1.6,3.1,4.7,4.4,0.6,0.5,2.4,2.9,9.2
90,Alex Caruso\carusal01,PG,26,LAL,31,0,19.6,2.1,4.9,.418,0.9,2.3,.389,1.2,2.6,.444,.510,0.7,0.9,.724,0.6,2.2,2.8,2.4,1.0,0.2,1.0,1.7,5.7
91,Willie Cauley-Stein\caulewi01,C,27,DAL,35,11,17.1,2.3,3.6,.622,0.0,0.2,.125,2.2,3.4,.655,.626,0.9,1.4,.660,1.1,3.1,4.3,0.7,0.3,0.8,0.5,2.3,5.5
92,Chris Chiozza\chiozch01,PG,25,BRK,15,0,9.1,1.1,3.1,.362,0.6,1.5,.391,0.5,1.6,.333,.457,0.7,0.9,.769,0.2,0.9,1.1,2.4,0.3,0.3,0.7,0.7,3.5
93,Marquese Chriss\chrisma01,PF,23,GSW,2,0,13.5,2.5,7.0,.357,0.5,2.5,.200,2.0,4.5,.444,.393,1.0,2.0,.500,1.5,5.0,6.5,1.0,0.0,1.0,1.0,1.5,6.5
94,Gary Clark\clarkga01,SF,26,ORL,33,11,18.9,1.2,3.9,.302,0.9,3.2,.280,0.3,0.7,.409,.419,0.2,0.3,.800,1.0,2.3,3.3,0.9,0.4,0.2,0.5,1.0,3.5
95,Brandon Clarke\clarkbr01,PF,24,MEM,33,16,26.4,4.9,9.5,.514,0.5,1.6,.321,4.4,7.9,.554,.542,1.5,2.2,.685,1.5,4.0,5.6,1.5,1.1,0.8,0.5,1.5,11.8
96,Jordan Clarkson\clarkjo01,SG,28,UTA,41,0,25.9,6.4,14.8,.435,3.1,8.5,.369,3.3,6.2,.525,.541,1.6,1.7,.956,0.9,3.0,3.9,2.2,0.9,0.2,1.8,1.5,17.6
97,Nicolas Claxton\claxtni01,C,21,BRK,10,0,17.2,3.6,5.7,.632,0.0,0.2,.000,3.6,5.5,.655,.632,1.4,2.3,.609,0.7,3.3,4.0,1.1,0.8,1.5,0.5,1.9,8.6
98,Amir Coffey\coffeam01,SG,23,LAC,24,0,7.4,1.0,2.1,.490,0.6,1.2,.483,0.5,0.9,.500,.627,0.3,0.5,.538,0.2,0.5,0.7,0.5,0.2,0.0,0.4,0.5,3.0
99,John Collins\collijo01,PF,23,ATL,41,41,30.6,7.0,13.1,.533,1.3,3.5,.375,5.7,9.6,.590,.583,2.7,3.2,.847,2.2,5.5,7.6,1.4,0.5,1.1,1.3,3.3,18.0
100,Mike Conley\conlemi01,PG,33,UTA,33,33,29.7,5.7,12.5,.456,2.8,6.6,.417,2.9,5.9,.500,.567,2.2,2.7,.822,0.9,2.5,3.4,5.5,1.4,0.2,2.0,1.9,16.4
101,Pat Connaughton\connapa01,SG,28,MIL,37,0,21.8,2.3,5.2,.443,1.4,3.5,.385,1.0,1.7,.563,.572,0.4,0.6,.762,0.9,3.4,4.3,1.4,0.7,0.4,0.4,1.6,6.4
102,Quinn Cook\cookqu01,PG,27,TOT,20,0,5.7,1.0,2.4,.426,0.5,1.1,.409,0.6,1.3,.440,.521,0.2,0.3,.800,0.1,0.6,0.7,0.6,0.2,0.1,0.3,0.3,2.7
102,Quinn Cook\cookqu01,PG,27,LAL,16,0,3.9,0.8,1.6,.462,0.3,0.8,.385,0.4,0.8,.538,.558,0.3,0.3,.800,0.0,0.3,0.3,0.3,0.1,0.1,0.2,0.1,2.1
102,Quinn Cook\cookqu01,PG,27,CLE,4,0,12.8,2.0,5.3,.381,1.0,2.3,.444,1.0,3.0,.333,.476,0.0,0.0,,0.5,1.5,2.0,1.5,0.8,0.0,0.5,1.0,5.0
103,Tyler Cook\cookty01,PF,23,TOT,5,0,5.2,0.4,1.0,.400,0.0,0.0,,0.4,1.0,.400,.400,0.0,0.0,,0.6,0.8,1.4,0.4,0.0,0.0,0.2,0.4,0.8
103,Tyler Cook\cookty01,PF,23,BRK,4,0,4.3,0.3,0.8,.333,0.0,0.0,,0.3,0.8,.333,.333,0.0,0.0,,0.3,0.3,0.5,0.5,0.0,0.0,0.3,0.5,0.5
103,Tyler Cook\cookty01,F,23,DET,1,0,9.0,1.0,2.0,.500,0.0,0.0,,1.0,2.0,.500,.500,0.0,0.0,,2.0,3.0,5.0,0.0,0.0,0.0,0.0,0.0,2.0
104,DeMarcus Cousins\couside01,C,30,HOU,25,11,20.2,3.2,8.4,.376,1.6,4.6,.336,1.6,3.8,.426,.469,1.8,2.4,.746,1.2,6.4,7.6,2.4,0.8,0.7,1.6,3.0,9.6
105,Robert Covington\covinro01,PF,30,POR,39,39,32.5,3.0,7.6,.395,1.9,5.3,.361,1.1,2.3,.477,.522,0.6,0.7,.828,0.8,5.9,6.6,1.7,1.6,1.2,1.2,2.7,8.5
106,Torrey Craig\craigto01,SF,30,MIL,18,0,11.2,1.0,2.6,.391,0.4,1.2,.364,0.6,1.3,.417,.478,0.1,0.1,.500,0.7,1.7,2.4,0.9,0.5,0.4,0.3,1.3,2.5
107,Jae Crowder\crowdja01,PF,30,PHO,37,22,27.6,3.4,8.5,.399,2.4,6.2,.381,1.0,2.2,.451,.540,0.9,1.0,.842,0.5,4.6,5.0,2.1,0.8,0.3,0.9,1.9,10.0
108,Jarrett Culver\culveja01,SG,21,MIN,20,7,19.3,2.8,6.6,.424,0.4,1.8,.222,2.4,4.8,.500,.455,1.1,1.9,.595,1.5,3.0,4.5,0.9,0.7,0.4,1.2,2.1,7.1
109,Seth Curry\curryse01,SG,30,PHI,33,33,29.6,4.6,10.0,.462,2.0,4.7,.432,2.6,5.3,.489,.564,1.7,1.8,.918,0.2,2.0,2.2,2.9,0.9,0.2,1.5,1.7,12.9
110,Stephen Curry\curryst01,PG,32,GSW,39,39,33.7,9.6,20.2,.475,4.7,11.4,.408,4.9,8.8,.563,.591,5.1,5.5,.930,0.5,4.9,5.3,6.2,1.4,0.1,3.1,1.8,29.0
111,Nate Darling\darlina01,SG,22,CHO,1,0,4.0,0.0,1.0,.000,0.0,1.0,.000,0.0,0.0,,.000,0.0,0.0,,0.0,0.0,0.0,0.0,0.0,0.0,0.0,0.0,0.0
112,Anthony Davis\davisan02,PF,27,LAL,23,23,32.8,8.9,16.7,.533,0.7,2.5,.293,8.1,14.1,.575,.555,4.0,5.7,.715,2.0,6.3,8.4,3.0,1.3,1.8,2.0,1.8,22.5
113,Ed Davis\davised01,C,31,MIN,19,7,13.9,0.9,2.3,.419,0.0,0.0,,0.9,2.3,.419,.419,0.4,0.4,.875,2.0,3.1,5.1,1.0,0.5,0.5,0.3,2.6,2.3
114,Terence Davis\daviste02,SG,23,TOR,33,4,14.8,2.6,6.3,.413,1.3,3.7,.364,1.3,2.6,.483,.519,0.5,0.5,.889,0.3,1.7,2.0,1.1,0.5,0.2,0.8,1.5,7.0
115,DeMar DeRozan\derozde01,PF,31,SAS,31,31,34.0,6.9,13.9,.493,0.5,1.7,.321,6.3,12.2,.517,.513,6.0,6.8,.882,0.7,3.9,4.6,7.3,0.9,0.3,1.7,1.9,20.3
116,Mamadi Diakite\diakima01,PF,24,MIL,1,0,5.0,1.0,2.0,.500,0.0,0.0,,1.0,2.0,.500,.500,0.0,0.0,,0.0,2.0,2.0,2.0,0.0,1.0,0.0,2.0,2.0
117,Hamidou Diallo\diallha01,SG,22,OKC,32,5,23.8,4.5,9.3,.481,0.4,1.3,.293,4.1,8.0,.512,.502,2.6,4.1,.629,1.2,4.0,5.2,2.4,1.0,0.4,1.5,2.6,11.9
118,Gorgui Dieng\dienggo01,C,31,MEM,22,1,16.9,2.5,4.9,.519,1.0,2.2,.479,1.5,2.7,.550,.625,1.7,2.0,.884,1.3,3.2,4.5,1.3,0.8,0.6,1.0,1.7,7.9
119,Spencer Dinwiddie\dinwisp01,SG,27,BRK,3,3,21.3,2.0,5.3,.375,0.7,2.3,.286,1.3,3.0,.444,.438,2.0,2.0,1.000,0.0,4.3,4.3,3.0,0.7,0.3,1.7,1.3,6.7
120,Donte DiVincenzo\divindo01,SG,24,MIL,40,40,27.0,4.0,9.4,.422,1.9,5.0,.382,2.1,4.5,.466,.523,0.7,1.1,.667,1.3,3.9,5.1,3.1,1.1,0.2,1.3,1.5,10.6
121,Luka Dončić\doncilu01,PG,21,DAL,37,37,35.6,10.1,21.1,.480,2.8,7.9,.355,7.3,13.2,.554,.546,5.7,7.5,.755,0.8,7.6,8.4,9.3,1.0,0.6,4.2,2.1,28.8
122,Luguentz Dort\dortlu01,SG,21,OKC,38,38,29.5,4.1,10.8,.383,1.9,5.9,.332,2.2,4.9,.444,.473,2.1,2.7,.784,0.7,2.8,3.5,1.5,0.8,0.3,1.4,2.4,12.3
123,Damyean Dotson\dotsoda01,SG,26,CLE,31,6,18.7,2.5,6.5,.393,0.9,3.4,.274,1.6,3.1,.526,.465,0.6,0.9,.714,0.1,1.7,1.9,2.2,0.4,0.1,0.8,0.9,6.7
124,Devon Dotson\dotsode01,PG,21,CHI,1,0,10.0,2.0,4.0,.500,0.0,0.0,,2.0,4.0,.500,.500,0.0,0.0,,0.0,1.0,1.0,0.0,0.0,0.0,0.0,1.0,4.0
125,Sekou Doumbouya\doumbse01,PF,20,DET,37,2,13.1,1.4,4.2,.344,0.5,1.8,.250,1.0,2.3,.419,.399,0.6,0.8,.750,0.5,1.8,2.2,0.6,0.4,0.1,0.6,1.5,3.9
126,PJ Dozier\doziepj01,SG,24,DEN,26,0,19.9,2.7,6.1,.447,1.0,2.5,.394,1.7,3.6,.484,.528,1.0,1.6,.595,0.7,3.1,3.8,1.5,0.5,0.5,0.8,1.7,7.4
127,Goran Dragić\dragigo01,PG,34,MIA,28,8,27.0,5.0,11.3,.441,1.6,4.6,.349,3.4,6.6,.505,.513,2.3,2.8,.844,0.3,3.0,3.3,4.9,0.6,0.2,2.7,2.3,13.9
128,Andre Drummond\drumman01,C,27,CLE,25,25,28.9,7.2,15.2,.474,0.0,0.3,.000,7.2,14.9,.484,.474,3.1,5.2,.597,4.0,9.4,13.5,2.6,1.6,1.2,3.2,2.8,17.5
129,Jared Dudley\dudleja01,PF,35,LAL,11,0,6.9,0.2,0.6,.286,0.2,0.5,.400,0.0,0.2,.000,.429,0.0,0.0,,0.4,1.4,1.7,0.5,0.1,0.1,0.2,0.6,0.5
130,Kevin Durant\duranke01,PF,32,BRK,19,18,35.7,9.9,18.9,.524,2.6,5.9,.434,7.3,12.9,.565,.592,6.6,7.6,.869,0.4,6.9,7.3,5.3,0.7,1.4,3.5,2.3,29.0
131,Anthony Edwards\edwaran01,SG,19,MIN,42,25,30.1,6.2,16.0,.385,2.1,6.6,.319,4.0,9.4,.433,.452,2.2,2.9,.775,0.8,3.5,4.3,2.5,1.0,0.4,2.0,1.7,16.7
132,Carsen Edwards\edwarca01,SG,22,BOS,16,1,10.2,2.0,4.3,.464,0.7,2.3,.306,1.3,2.1,.636,.543,0.4,0.6,.778,0.1,1.0,1.1,0.6,0.3,0.1,0.1,1.2,5.1
133,CJ Elleby\ellebcj01,SF,20,POR,13,0,8.1,1.1,2.4,.452,0.4,1.5,.263,0.7,0.9,.750,.532,0.5,0.7,.667,0.3,0.8,1.1,0.2,0.3,0.2,0.2,1.4,3.0
134,Henry Ellenson\ellenhe01,PF,24,TOR,2,0,19.0,2.5,7.0,.357,1.0,4.5,.222,1.5,2.5,.600,.429,1.5,2.0,.750,1.5,4.5,6.0,2.5,0.0,0.0,0.0,3.5,7.5
135,Wayne Ellington\ellinwa01,SG,33,DET,30,25,23.2,3.6,8.1,.446,2.7,6.4,.422,0.9,1.7,.540,.614,0.7,0.9,.741,0.3,1.5,1.8,1.4,0.4,0.2,0.7,1.5,10.6
136,Joel Embiid\embiijo01,C,26,PHI,31,31,32.6,9.5,18.0,.525,1.2,2.9,.422,8.2,15.1,.545,.559,9.8,11.4,.859,2.2,9.3,11.5,3.3,1.2,1.4,3.2,2.5,29.9
137,James Ennis\ennisja01,SF,30,ORL,24,23,21.4,2.5,5.0,.500,0.9,2.0,.447,1.6,3.0,.534,.588,1.4,1.8,.786,1.1,2.8,3.9,1.3,0.8,0.3,0.9,2.2,7.3
138,Drew Eubanks\eubandr01,C,23,SAS,21,0,13.0,1.8,3.8,.463,0.0,0.0,,1.8,3.8,.463,.463,1.1,1.5,.719,0.7,2.6,3.3,0.9,0.1,1.1,0.7,1.4,4.6
139,Dante Exum\exumda01,SG,25,CLE,6,3,19.3,1.7,4.3,.385,0.3,1.8,.182,1.3,2.5,.533,.423,0.2,0.3,.500,0.3,2.5,2.8,2.2,0.7,0.3,1.2,1.5,3.8
140,Tacko Fall\fallta01,C,25,BOS,9,0,7.3,1.3,1.9,.706,0.0,0.0,,1.3,1.9,.706,.706,0.3,1.2,.273,0.9,1.8,2.7,0.2,0.0,1.1,0.2,1.3,3.0
141,Derrick Favors\favorde01,C,29,UTA,39,0,16.0,2.4,3.7,.660,0.0,0.0,.000,2.4,3.7,.664,.660,1.2,1.5,.776,1.9,3.3,5.3,0.8,0.6,0.9,0.6,2.4,6.0
142,Cristiano Felício\feliccr01,C,28,CHI,6,0,6.3,0.5,0.7,.750,0.0,0.0,,0.5,0.7,.750,.750,0.8,1.3,.625,1.0,1.0,2.0,0.8,0.3,0.0,0.5,0.5,1.8
143,Terrance Ferguson\fergute01,SG,22,PHI,12,0,3.9,0.1,0.6,.143,0.0,0.4,.000,0.1,0.2,.500,.143,0.0,0.0,,0.0,0.1,0.1,0.2,0.1,0.0,0.3,0.6,0.2
144,Bruno Fernando\fernabr01,C,22,ATL,21,0,7.8,0.5,1.3,.407,0.0,0.1,.000,0.5,1.2,.440,.407,0.4,0.7,.600,0.6,2.4,3.0,0.4,0.1,0.1,0.7,0.9,1.5
145,Yogi Ferrell\ferreyo01,PG,27,CLE,2,0,20.0,4.0,10.5,.381,1.5,4.5,.333,2.5,6.0,.417,.452,0.0,1.0,.000,1.5,2.0,3.5,2.5,1.5,0.5,1.5,2.0,9.5
146,Dorian Finney-Smith\finnedo01,PF,27,DAL,29,29,31.3,3.0,7.2,.418,1.7,4.8,.345,1.3,2.4,.565,.534,0.5,0.6,.882,1.4,3.9,5.3,1.4,0.9,0.4,0.6,2.6,8.2
147,Malachi Flynn\flynnma01,PG,22,TOR,16,0,8.9,0.8,3.1,.265,0.4,1.8,.207,0.4,1.3,.350,.327,0.3,0.4,.667,0.1,0.7,0.8,1.1,0.3,0.0,0.3,0.8,2.3
148,Bryn Forbes\forbebr01,SG,27,MIL,40,6,18.5,3.4,7.3,.461,2.1,4.7,.452,1.3,2.7,.477,.604,0.6,0.8,.742,0.2,1.1,1.3,0.6,0.2,0.0,0.5,1.0,9.4
149,Trent Forrest\forretr01,PG,22,UTA,8,0,2.6,0.0,0.4,.000,0.0,0.3,.000,0.0,0.1,.000,.000,0.3,0.3,1.000,0.0,0.4,0.4,0.5,0.3,0.0,0.1,0.3,0.3
150,Evan Fournier\fournev01,SF,28,ORL,23,23,29.7,6.3,13.7,.462,2.7,6.9,.390,3.7,6.8,.535,.560,3.9,4.9,.795,0.2,2.8,3.0,3.7,1.0,0.3,2.2,2.0,19.3
151,De'Aaron Fox\foxde01,PG,23,SAC,40,40,34.6,8.6,18.4,.469,1.9,5.6,.333,6.8,12.8,.528,.520,4.8,6.9,.691,0.7,2.7,3.4,7.5,1.3,0.4,3.2,3.0,23.9
152,Tim Frazier\fraziti01,PG,30,MEM,3,0,11.0,0.7,2.7,.250,0.0,0.7,.000,0.7,2.0,.333,.250,0.0,0.0,,0.0,1.3,1.3,2.3,0.3,0.0,1.0,1.3,1.3
153,Markelle Fultz\fultzma01,PG,22,ORL,8,8,26.9,5.1,13.0,.394,0.5,2.0,.250,4.6,11.0,.420,.413,2.1,2.4,.895,0.6,2.5,3.1,5.4,1.0,0.3,2.3,2.3,12.9
154,Wenyen Gabriel\gabriwe01,PF,23,NOP,5,0,3.4,0.0,0.8,.000,0.0,0.2,.000,0.0,0.6,.000,.000,0.2,0.4,.500,0.2,1.0,1.2,0.2,0.0,0.0,0.2,0.0,0.2
155,Daniel Gafford\gaffoda01,PF,22,CHI,28,11,12.7,1.9,2.8,.671,0.0,0.0,,1.9,2.8,.671,.671,0.9,1.4,.667,1.3,1.8,3.1,0.6,0.4,1.1,0.7,1.8,4.7
156,Danilo Gallinari\gallida01,PF,32,ATL,29,4,23.1,3.8,9.1,.422,2.1,5.3,.405,1.7,3.8,.445,.540,3.0,3.2,.936,0.3,3.6,3.9,1.4,0.6,0.2,1.0,1.9,12.8
157,Langston Galloway\gallola01,SG,29,PHO,28,0,11.2,1.8,3.5,.510,1.0,2.0,.491,0.8,1.5,.535,.648,0.6,0.6,1.000,0.2,0.9,1.1,0.8,0.2,0.0,0.3,0.7,5.1
158,Darius Garland\garlada01,PG,21,CLE,32,29,33.1,6.4,14.3,.444,1.8,4.5,.389,4.6,9.8,.470,.505,2.0,2.3,.863,0.4,1.7,2.2,5.9,1.1,0.1,3.0,2.3,16.5
159,Marc Gasol\gasolma01,C,36,LAL,35,35,20.1,1.5,3.8,.403,0.9,2.4,.365,0.7,1.4,.469,.519,0.8,1.0,.806,0.7,3.4,4.1,2.0,0.5,1.3,0.9,2.3,4.8
160,Rudy Gay\gayru01,PF,34,SAS,32,0,21.4,4.0,9.7,.410,1.6,4.2,.388,2.3,5.5,.426,.494,1.3,1.7,.774,0.9,4.0,4.9,1.5,0.7,0.6,1.0,1.8,10.8
161,Paul George\georgpa01,SF,30,LAC,31,31,33.3,8.1,16.7,.484,3.4,7.7,.444,4.6,9.0,.518,.586,3.5,4.0,.886,0.9,5.2,6.1,5.3,1.1,0.5,3.4,2.3,23.1
162,Taj Gibson\gibsota01,PF,35,NYK,17,0,17.9,1.6,2.9,.560,0.2,0.7,.250,1.5,2.2,.658,.590,0.7,1.1,.667,1.5,3.1,4.5,0.5,0.5,0.5,0.6,1.9,4.2
163,Harry Giles\gilesha01,C,22,POR,22,0,11.8,1.2,2.8,.419,0.1,0.4,.375,1.0,2.5,.426,.444,0.6,0.8,.722,1.1,3.8,4.9,0.9,0.2,0.4,0.7,2.0,3.1
164,Shai Gilgeous-Alexander\gilgesh01,SG,22,OKC,34,34,33.7,8.1,15.9,.509,2.0,4.8,.409,6.1,11.1,.553,.571,5.3,6.6,.807,0.6,4.2,4.8,6.0,0.8,0.6,3.1,2.0,23.5
165,Anthony Gill\gillan01,PF,28,WAS,12,1,5.6,0.3,0.8,.300,0.1,0.6,.143,0.2,0.3,.667,.350,0.3,0.3,.750,0.3,1.3,1.6,0.3,0.3,0.2,0.3,0.3,0.8
166,Rudy Gobert\goberru01,C,28,UTA,41,41,31.0,5.4,8.5,.641,0.0,0.0,.000,5.4,8.4,.645,.641,3.5,5.9,.596,3.4,10.1,13.5,1.3,0.5,2.8,1.8,2.4,14.4
167,Brandon Goodwin\goodwbr01,PG,25,ATL,27,0,11.0,1.4,4.0,.339,0.6,2.0,.283,0.8,2.1,.393,.408,0.6,0.9,.708,0.1,0.9,1.0,1.6,0.4,0.0,0.6,0.9,3.9
168,Aaron Gordon\gordoaa01,PF,25,ORL,22,22,28.8,5.2,11.5,.452,1.8,4.3,.411,3.4,7.1,.478,.530,2.7,4.3,.621,1.6,5.2,6.8,4.1,0.7,0.8,2.7,2.0,14.8
169,Eric Gordon\gordoer01,SG,32,HOU,27,13,29.2,5.9,13.6,.433,2.6,7.8,.329,3.3,5.8,.573,.527,3.5,4.2,.825,0.3,1.9,2.1,2.6,0.5,0.5,1.9,1.6,17.8
170,Devonte' Graham\grahade01,PG,25,CHO,30,25,30.6,4.2,11.7,.361,2.8,7.8,.362,1.4,3.9,.359,.482,2.0,2.6,.779,0.5,2.3,2.7,5.3,1.0,0.0,1.4,1.4,13.3
171,Jerami Grant\grantje01,SF,26,DET,38,38,35.7,7.6,17.7,.428,2.4,6.7,.360,5.2,11.1,.469,.496,5.7,6.4,.878,0.8,4.4,5.1,2.8,0.7,1.1,2.0,2.6,23.2
172,Danny Green\greenda02,SF,33,PHI,41,41,28.3,3.1,7.9,.394,2.3,6.2,.379,0.8,1.7,.449,.543,0.3,0.5,.650,0.8,2.9,3.7,1.7,1.3,0.8,1.2,1.8,8.9
173,Draymond Green\greendr01,PF,30,GSW,36,36,29.9,2.3,5.8,.399,0.5,2.0,.250,1.8,3.8,.478,.442,1.0,1.3,.766,0.8,5.7,6.4,8.6,1.4,0.8,2.8,3.1,6.1
174,JaMychal Green\greenja01,PF,30,DEN,29,4,19.9,3.2,7.1,.454,1.7,3.8,.432,1.6,3.3,.479,.570,1.0,1.2,.853,1.6,4.1,5.6,0.9,0.6,0.3,1.0,2.6,9.1
175,Javonte Green\greenja02,SG,27,BOS,24,2,14.2,1.6,3.0,.549,0.3,0.9,.318,1.3,2.0,.653,.599,0.8,1.3,.667,0.8,1.3,2.2,0.4,0.8,0.1,0.5,1.3,4.4
176,Jeff Green\greenje02,C,34,BRK,38,18,26.9,3.4,6.8,.504,1.4,3.3,.421,2.1,3.5,.582,.606,1.4,1.8,.757,0.6,3.3,3.8,1.5,0.6,0.3,0.7,1.9,9.7
177,Josh Green\greenjo02,SG,20,DAL,19,5,11.4,0.9,2.1,.436,0.1,0.6,.167,0.8,1.4,.556,.462,0.3,0.6,.545,0.6,1.5,2.1,0.5,0.2,0.1,0.6,0.9,2.2
178,Blake Griffin\griffbl01,PF,31,DET,20,20,31.3,4.1,11.1,.365,2.0,6.2,.315,2.1,4.9,.429,.453,2.2,3.1,.710,0.4,4.9,5.2,3.9,0.7,0.1,1.6,2.1,12.3
179,Kyle Guy\guyky01,PG,23,SAC,16,0,7.3,0.9,2.8,.318,0.4,1.5,.250,0.5,1.3,.400,.386,0.4,0.5,.875,0.2,0.7,0.9,0.9,0.3,0.0,0.2,0.6,2.6
180,Rui Hachimura\hachiru01,PF,22,WAS,33,33,30.6,4.8,10.4,.466,0.9,2.7,.326,4.0,7.7,.516,.509,2.7,3.4,.779,0.9,4.8,5.7,1.6,0.8,0.1,1.1,2.2,13.2
181,Ashton Hagans\haganas01,PG,21,MIN,2,0,2.0,0.0,0.0,,0.0,0.0,,0.0,0.0,,,0.0,0.0,,0.0,0.0,0.0,0.0,0.0,0.0,0.5,0.0,0.0
182,Tyrese Haliburton\halibty01,PG,20,SAC,35,4,29.7,4.7,10.0,.473,2.2,5.3,.418,2.5,4.8,.533,.583,0.7,0.9,.839,0.9,2.6,3.5,5.2,1.3,0.6,1.5,1.4,12.4
183,Josh Hall\halljo01,SF,20,OKC,7,0,7.3,0.6,2.6,.222,0.1,1.1,.125,0.4,1.4,.300,.250,0.4,1.0,.429,0.1,1.1,1.3,1.0,0.0,0.0,0.6,1.0,1.7
184,R.J. Hampton\hamptrj01,PG,19,DEN,24,0,9.2,1.0,2.4,.414,0.2,0.8,.278,0.8,1.7,.475,.457,0.3,0.4,.700,0.4,1.5,2.0,0.5,0.2,0.1,0.5,0.9,2.5
185,Tim Hardaway Jr.\hardati02,SG,28,DAL,39,19,29.8,5.8,13.1,.445,3.0,7.6,.393,2.8,5.4,.519,.560,1.9,2.4,.793,0.3,2.9,3.3,1.7,0.6,0.2,0.9,1.5,16.5
186,James Harden\hardeja01,PG-SG,31,TOT,36,36,37.9,8.0,16.9,.471,2.9,8.0,.368,5.0,8.9,.564,.558,6.4,7.4,.868,0.9,7.2,8.1,11.2,1.2,0.8,4.3,2.3,25.3
186,James Harden\hardeja01,SG,31,HOU,8,8,36.3,7.5,16.9,.444,3.1,9.0,.347,4.4,7.9,.556,.537,6.6,7.5,.883,0.6,4.5,5.1,10.4,0.9,0.8,4.3,1.8,24.8
186,James Harden\hardeja01,PG,31,BRK,28,28,38.4,8.1,16.9,.479,2.9,7.7,.375,5.2,9.2,.566,.564,6.3,7.3,.863,0.9,8.0,8.9,11.4,1.3,0.8,4.3,2.5,25.4
187,Maurice Harkless\harklma01,SF,27,MIA,11,3,11.3,0.5,1.2,.385,0.5,1.0,.455,0.0,0.2,.000,.577,0.0,0.2,.000,0.2,1.0,1.2,0.6,0.2,0.4,0.3,1.3,1.4
188,Jared Harper\harpeja01,PG,23,NYK,2,0,2.5,0.0,0.5,.000,0.0,0.0,,0.0,0.5,.000,.000,1.0,1.0,1.000,0.0,0.0,0.0,0.0,0.0,0.0,1.0,0.0,1.0
189,Montrezl Harrell\harremo01,C,27,LAL,41,1,24.4,5.9,9.3,.633,0.0,0.2,.000,5.9,9.1,.648,.633,2.6,3.4,.745,2.4,4.0,6.4,1.1,0.7,0.8,1.1,2.1,14.3
190,Gary Harris\harriga01,SG,26,DEN,19,19,30.6,3.6,8.2,.442,1.3,3.9,.320,2.4,4.3,.556,.519,1.2,1.6,.733,0.7,1.8,2.5,1.7,0.9,0.2,0.7,1.9,9.7
191,Jalen Harris\harrija01,SG,22,TOR,4,0,3.5,0.3,1.0,.250,0.3,0.5,.500,0.0,0.5,.000,.375,0.0,0.0,,0.3,0.5,0.8,0.5,0.3,0.0,0.3,0.5,0.8
192,Joe Harris\harrijo01,SF,29,BRK,42,38,31.2,5.4,10.3,.521,3.4,6.9,.488,2.0,3.4,.587,.684,0.6,0.8,.714,0.5,3.0,3.6,1.7,0.6,0.2,0.9,2.2,14.7
193,Tobias Harris\harrito02,PF,28,PHI,36,36,34.0,7.9,15.5,.511,1.6,3.9,.408,6.3,11.6,.546,.563,3.0,3.4,.893,1.2,6.3,7.5,3.4,0.9,0.9,1.8,2.0,20.5
194,Shaquille Harrison\harrish01,SG,27,UTA,17,0,3.3,0.4,1.2,.300,0.0,0.1,.000,0.4,1.1,.333,.300,0.3,0.4,.833,0.2,0.4,0.5,0.5,0.1,0.0,0.3,0.2,1.0
195,Josh Hart\hartjo01,SF,25,NOP,41,3,28.3,3.3,7.2,.456,1.3,4.0,.333,1.9,3.1,.612,.549,1.4,1.8,.747,1.0,6.4,7.4,2.1,0.8,0.2,0.9,2.4,9.2
196,Isaiah Hartenstein\harteis01,C,22,DEN,29,0,9.0,1.4,2.7,.513,0.0,0.0,,1.4,2.7,.513,.513,0.7,1.2,.588,1.3,1.5,2.8,0.5,0.4,0.6,0.7,1.9,3.4
197,Jaxson Hayes\hayesja02,C,20,NOP,30,1,13.3,2.2,2.9,.739,0.0,0.0,,2.2,2.9,.739,.739,1.0,1.4,.707,1.2,2.3,3.5,0.4,0.3,0.5,0.6,1.8,5.3
198,Killian Hayes\hayeski01,PG,19,DET,7,7,21.1,1.9,6.7,.277,0.7,2.9,.250,1.1,3.9,.296,.330,0.1,0.3,.500,0.1,1.0,1.1,3.6,0.3,0.0,2.4,2.1,4.6
199,Gordon Hayward\haywago01,SF,30,CHO,36,36,34.5,7.4,15.4,.482,1.9,4.8,.401,5.5,10.7,.518,.544,3.6,4.1,.871,0.9,4.6,5.5,4.1,1.4,0.4,2.0,1.6,20.4
200,Juan Hernangómez\hernaju01,PF,25,MIN,23,6,16.6,2.3,5.4,.416,1.0,3.0,.314,1.3,2.4,.545,.504,0.7,1.2,.630,0.9,3.3,4.2,0.6,0.4,0.1,0.5,1.0,6.2
201,Willy Hernangómez\hernawi01,C,26,NOP,24,2,15.8,2.6,5.0,.521,0.0,0.3,.143,2.6,4.8,.544,.525,1.0,1.6,.632,2.5,3.7,6.2,1.2,0.3,0.5,0.5,1.2,6.3
202,Tyler Herro\herroty01,SG,21,MIA,31,14,31.8,5.8,13.6,.424,1.8,5.6,.329,3.9,8.0,.490,.492,2.1,2.6,.813,0.5,5.1,5.5,3.4,0.7,0.4,2.3,1.4,15.5
203,Buddy Hield\hieldbu01,SG,28,SAC,41,41,35.0,5.6,14.2,.392,3.9,10.4,.377,1.7,3.8,.433,.530,1.5,1.8,.861,0.4,4.1,4.6,3.3,0.8,0.3,1.7,2.7,16.6
204,George Hill\hillge01,PG,34,OKC,14,14,26.4,4.4,8.6,.508,1.6,4.1,.386,2.8,4.5,.619,.600,1.5,1.8,.840,0.6,1.5,2.1,3.1,0.9,0.1,0.9,0.9,11.8
205,Solomon Hill\hillso01,PF,29,ATL,41,1,19.3,1.4,3.9,.354,0.9,2.9,.319,0.5,1.0,.452,.472,0.4,0.5,.857,0.5,1.8,2.3,0.9,0.7,0.1,0.6,1.6,4.1
206,Nate Hinton\hintona01,SG,21,DAL,6,0,3.2,0.5,2.2,.231,0.2,0.8,.200,0.3,1.3,.250,.269,0.2,0.3,.500,0.0,0.0,0.0,0.0,0.2,0.2,0.3,0.2,1.3
207,Aaron Holiday\holidaa01,PG,24,IND,40,6,18.1,2.6,6.9,.379,1.0,2.9,.342,1.6,4.0,.406,.451,0.9,1.1,.756,0.2,1.0,1.2,1.8,0.6,0.1,0.8,1.7,7.1
208,Jrue Holiday\holidjr01,PG,30,MIL,30,27,31.2,6.1,12.6,.483,1.6,4.6,.355,4.5,8.0,.556,.547,1.5,1.9,.807,1.2,3.3,4.5,5.0,1.8,0.5,1.8,1.8,15.4
209,Justin Holiday\holidju01,SG,31,IND,40,31,32.3,4.0,9.0,.444,2.6,6.4,.405,1.4,2.5,.545,.589,1.2,1.4,.821,0.6,3.3,3.9,1.7,1.2,0.4,0.8,2.1,11.7
210,Richaun Holmes\holmeri01,C,27,SAC,37,37,30.1,5.9,9.1,.651,0.1,0.2,.286,5.9,8.9,.659,.654,2.0,2.5,.806,2.5,6.2,8.7,1.8,0.7,1.6,1.3,3.9,14.0
211,Rodney Hood\hoodro01,SF,28,POR,36,5,19.1,2.0,5.3,.372,0.7,2.2,.308,1.3,3.1,.416,.435,0.3,0.3,.750,0.5,1.4,1.8,1.2,0.6,0.1,0.8,1.5,4.9
212,Al Horford\horfoal01,C,34,OKC,27,27,28.0,5.8,12.9,.447,2.0,5.4,.374,3.7,7.5,.500,.526,0.7,0.8,.818,1.0,5.7,6.7,3.3,0.9,0.9,1.1,1.8,14.3
213,Talen Horton-Tucker\hortota01,SG,20,LAL,37,1,18.0,3.1,6.7,.460,0.5,1.9,.261,2.6,4.8,.536,.496,1.2,1.4,.846,0.3,2.2,2.5,2.2,0.8,0.5,1.3,2.1,7.8
214,Danuel House\houseda01,SF,27,HOU,24,14,27.5,3.2,8.4,.381,1.6,4.8,.330,1.6,3.6,.448,.475,1.2,1.8,.690,0.7,3.3,3.9,1.9,0.6,0.5,0.9,2.0,9.2
215,Dwight Howard\howardw01,C,35,PHI,41,4,16.9,2.6,4.4,.587,0.1,0.3,.286,2.5,4.0,.612,.598,1.5,2.8,.540,2.5,5.3,7.8,0.7,0.4,1.0,1.7,3.0,6.7
216,Markus Howard\howarma02,SG,21,DEN,20,0,3.3,0.4,1.8,.222,0.3,1.3,.192,0.2,0.5,.300,.292,0.1,0.1,.500,0.0,0.4,0.4,0.4,0.1,0.0,0.3,0.5,1.1
217,Kevin Huerter\huertke01,SG,22,ATL,41,30,31.7,4.6,10.7,.427,2.2,5.9,.368,2.4,4.8,.500,.528,0.9,1.0,.833,0.7,3.0,3.7,3.6,1.3,0.3,1.2,2.4,12.2
218,Elijah Hughes\hugheel01,SF,22,UTA,7,0,4.0,0.7,2.1,.333,0.4,1.4,.300,0.3,0.7,.400,.433,0.4,0.6,.750,0.0,0.6,0.6,0.4,0.1,0.1,0.6,0.0,2.3
219,De'Andre Hunter\huntede01,SF,23,ATL,18,18,32.2,6.0,11.7,.514,1.7,4.6,.366,4.3,7.1,.609,.586,3.6,4.1,.877,0.9,4.5,5.4,2.2,0.9,0.5,1.4,2.6,17.2
220,Chandler Hutchison\hutchch01,SF,24,CHI,7,0,9.1,0.7,2.6,.278,0.1,0.4,.333,0.6,2.1,.267,.306,0.3,0.3,1.000,0.1,2.7,2.9,0.6,0.1,0.0,0.7,1.3,1.9
221,Serge Ibaka\ibakase01,C,31,LAC,39,39,23.6,4.5,8.9,.507,1.0,2.8,.352,3.5,6.1,.577,.562,0.9,1.2,.822,1.7,4.9,6.7,1.7,0.2,1.2,1.1,1.9,10.9
222,Andre Iguodala\iguodan01,SF,37,MIA,38,2,21.5,1.6,4.2,.386,1.1,3.2,.344,0.5,0.9,.528,.519,0.4,0.7,.593,0.6,3.1,3.7,2.1,1.0,0.4,1.0,1.4,4.7
223,Joe Ingles\inglejo01,SF,33,UTA,37,10,26.8,4.2,7.8,.540,2.7,5.5,.490,1.5,2.3,.659,.713,1.1,1.2,.889,0.4,3.1,3.5,4.3,0.5,0.2,1.5,1.8,12.2
224,Brandon Ingram\ingrabr01,SF,23,NOP,41,41,34.3,8.4,17.8,.473,2.4,6.3,.377,6.0,11.5,.527,.540,4.5,5.1,.876,0.6,4.5,5.1,4.7,0.6,0.7,2.4,2.0,23.8
225,Kyrie Irving\irvinky01,PG,28,BRK,30,30,35.7,10.8,20.6,.525,2.9,7.1,.413,7.9,13.5,.584,.596,3.6,4.0,.884,1.1,3.6,4.8,5.7,1.1,0.6,2.4,2.7,28.1
226,Wesley Iwundu\iwundwe01,SF,26,DAL,22,3,12.5,0.7,2.2,.327,0.1,1.0,.130,0.6,1.2,.500,.357,0.5,0.6,.846,0.3,1.5,1.8,0.5,0.4,0.1,0.3,1.1,2.1
227,Frank Jackson\jacksfr01,PG,22,DET,12,2,10.8,1.7,3.8,.435,0.9,2.1,.440,0.8,1.8,.429,.554,0.4,0.5,.833,0.2,0.9,1.1,0.9,0.3,0.0,0.7,0.8,4.7
228,Josh Jackson\jacksjo02,SG,23,DET,37,6,24.8,4.8,11.2,.431,1.2,4.2,.282,3.6,7.0,.521,.484,2.5,3.6,.712,1.0,3.3,4.3,2.1,0.9,0.9,2.2,2.9,13.4
229,Justin Jackson\jacksju01,SF,25,OKC,28,3,16.6,2.5,6.1,.404,0.9,3.2,.292,1.5,2.9,.524,.480,0.8,0.9,.808,0.4,1.9,2.3,1.5,0.4,0.1,1.0,1.0,6.6
230,Reggie Jackson\jacksre01,SG,30,LAC,39,19,20.6,3.3,7.4,.448,1.4,3.4,.405,1.9,4.0,.484,.540,0.9,1.2,.756,0.3,2.3,2.6,2.9,0.6,0.1,1.0,1.8,8.8
231,Justin James\jamesju01,SF,24,SAC,18,0,5.8,0.8,1.8,.424,0.2,0.6,.273,0.6,1.2,.500,.470,0.3,0.7,.417,0.2,0.4,0.6,0.5,0.2,0.1,0.2,0.3,2.0
232,LeBron James\jamesle01,PG,36,LAL,40,40,34.5,9.6,18.8,.513,2.4,6.6,.367,7.2,12.2,.593,.578,4.1,5.9,.699,0.6,7.5,8.1,8.0,1.1,0.6,3.8,1.6,25.8
233,DaQuan Jeffries\jeffrda01,SG,23,SAC,14,2,14.4,1.6,3.8,.415,0.6,1.8,.320,1.0,2.0,.500,.491,0.4,0.5,.857,0.5,1.1,1.6,0.3,0.4,0.3,0.5,1.4,4.1
234,Ty Jerome\jeromty01,SG,23,OKC,9,1,26.4,3.9,8.6,.455,2.2,5.2,.426,1.7,3.3,.500,.584,0.2,0.4,.500,0.7,2.7,3.3,3.2,0.8,0.2,0.7,2.4,10.2
235,Isaiah Joe\joeis01,SG,21,PHI,21,1,11.8,1.5,4.0,.369,1.1,3.0,.375,0.3,1.0,.350,.512,0.2,0.2,1.000,0.3,0.9,1.1,0.7,0.3,0.2,0.2,1.0,4.3
236,Cameron Johnson\johnsca02,PF,24,PHO,34,9,24.2,3.7,8.4,.437,2.1,5.7,.378,1.5,2.7,.559,.565,0.9,1.1,.865,0.6,2.8,3.4,1.4,0.6,0.3,0.8,1.4,10.4
237,James Johnson\johnsja01,PF,33,DAL,29,1,17.4,2.3,5.0,.462,0.5,2.1,.250,1.8,2.9,.612,.514,0.6,1.0,.586,0.5,2.5,3.0,1.7,0.8,0.8,0.9,2.0,5.7
238,Keldon Johnson\johnske04,SF,21,SAS,35,33,29.0,5.2,10.9,.480,0.9,2.7,.326,4.3,8.2,.531,.521,2.6,3.4,.765,1.7,4.9,6.6,2.0,0.7,0.6,1.3,2.2,13.9
239,Stanley Johnson\johnsst04,PF,24,TOR,36,5,14.1,1.0,2.6,.389,0.7,1.7,.393,0.4,0.9,.382,.516,0.3,0.4,.786,0.5,1.7,2.2,1.2,0.7,0.3,0.7,1.6,3.0
240,Tyler Johnson\johnsty01,SG,28,BRK,23,1,14.9,1.7,4.1,.411,1.2,2.9,.418,0.5,1.2,.393,.558,0.5,0.6,.923,0.2,1.5,1.7,0.9,0.3,0.0,0.3,0.8,5.1
241,Nikola Jokić\jokicni01,C,25,DEN,41,41,35.9,10.6,18.7,.566,1.5,3.6,.416,9.0,15.0,.602,.607,4.4,5.1,.866,2.9,8.3,11.2,8.6,1.6,0.6,3.0,2.8,27.0
242,Damian Jones\jonesda03,C,25,TOT,21,5,9.0,1.1,1.5,.719,0.0,0.0,.000,1.1,1.5,.742,.719,0.7,1.0,.714,0.6,1.1,1.7,0.2,0.1,0.6,0.5,1.9,2.9
242,Damian Jones\jonesda03,C,25,PHO,14,0,6.7,0.6,1.1,.500,0.0,0.1,.000,0.6,1.1,.533,.500,0.4,0.8,.545,0.5,0.8,1.3,0.3,0.1,0.4,0.4,1.4,1.6
242,Damian Jones\jonesda03,C,25,LAL,7,5,13.7,2.1,2.3,.938,0.0,0.0,,2.1,2.3,.938,.938,1.3,1.4,.900,0.7,1.7,2.4,0.1,0.1,1.0,0.6,3.0,5.6
243,Derrick Jones Jr.\jonesde02,SF,23,POR,37,36,26.6,2.9,5.9,.493,0.9,2.6,.337,2.0,3.3,.615,.567,1.2,1.9,.652,1.7,2.8,4.5,0.9,0.8,1.1,0.7,2.4,7.9
244,Mason Jones\jonesma05,SG,22,HOU,26,1,11.8,1.8,4.4,.412,0.9,2.5,.359,0.9,1.9,.480,.513,1.3,2.2,.614,0.2,1.8,2.0,1.5,0.2,0.0,1.1,0.8,5.8
245,Tre Jones\jonestr01,PG,21,SAS,17,0,4.2,0.9,1.6,.536,0.1,0.1,1.000,0.8,1.6,.519,.554,0.3,0.3,1.000,0.2,0.0,0.2,0.4,0.1,0.0,0.3,0.3,2.1
246,Tyus Jones\jonesty01,PG,24,MEM,38,8,20.6,3.2,7.3,.441,0.7,2.4,.301,2.5,4.9,.511,.491,0.6,0.7,.880,0.4,1.9,2.3,4.3,1.1,0.1,0.8,0.5,7.8
247,DeAndre Jordan\jordade01,C,32,BRK,40,31,23.2,3.4,4.4,.768,0.0,0.0,.000,3.4,4.4,.773,.768,0.8,1.6,.500,1.9,5.6,7.5,1.8,0.3,1.4,1.6,2.2,7.6
248,Cory Joseph\josepco01,PG,29,SAC,41,2,21.1,2.6,5.7,.455,0.7,2.2,.326,1.9,3.5,.535,.517,0.7,1.0,.769,0.6,1.7,2.2,2.3,0.8,0.2,1.0,2.2,6.6
249,Mfiondu Kabengele\kabenmf01,PF,23,LAC,22,0,4.0,0.4,1.3,.276,0.1,0.7,.188,0.2,0.6,.385,.328,0.2,0.3,.833,0.0,0.5,0.6,0.2,0.1,0.1,0.3,0.8,1.1
250,Frank Kaminsky\kaminfr01,C,27,PHO,32,13,15.1,2.6,5.4,.471,0.8,2.0,.406,1.8,3.4,.509,.546,0.6,1.0,.606,0.7,3.0,3.7,1.6,0.3,0.4,0.5,1.3,6.6
251,Enes Kanter\kanteen01,C,28,POR,41,29,26.6,5.1,8.6,.594,0.0,0.0,.000,5.1,8.6,.595,.594,1.9,2.5,.767,4.2,7.4,11.6,1.1,0.5,0.7,1.2,2.7,12.1
252,Luke Kennard\kennalu01,SG,24,LAC,36,7,19.9,2.9,6.1,.471,1.5,3.4,.455,1.4,2.8,.490,.595,0.4,0.4,.867,0.3,2.4,2.6,1.8,0.4,0.2,0.8,1.5,7.7
253,Maxi Kleber\klebima01,PF,29,DAL,28,22,27.6,2.5,5.4,.464,1.9,4.1,.465,0.6,1.3,.459,.639,0.9,1.0,.963,1.0,4.4,5.4,1.4,0.5,0.8,0.6,2.3,7.8
254,Nathan Knight\knighna01,PF,23,ATL,14,0,8.2,1.4,3.1,.465,0.4,0.9,.385,1.1,2.1,.500,.523,1.4,1.6,.909,1.1,1.2,2.3,0.3,0.2,0.4,0.7,0.9,4.6
255,Kevin Knox\knoxke01,SF,21,NYK,29,0,14.1,1.7,4.2,.398,1.0,2.6,.400,0.7,1.7,.396,.520,0.4,0.5,.786,0.3,1.4,1.8,0.6,0.3,0.2,0.6,1.2,4.8
256,John Konchar\konchjo01,SG,24,MEM,21,0,15.2,1.4,3.2,.441,0.4,1.2,.360,1.0,2.0,.488,.507,0.8,0.9,.889,0.9,2.4,3.3,1.1,0.9,0.2,0.4,1.2,4.0
257,Furkan Korkmaz\korkmfu01,SG,23,PHI,30,3,19.1,3.1,7.7,.404,1.7,4.6,.377,1.4,3.1,.446,.517,1.2,1.5,.783,0.3,2.1,2.4,1.1,0.7,0.2,1.0,1.1,9.1
258,Luke Kornet\kornelu01,PF,25,CHI,12,0,7.7,0.8,2.3,.333,0.5,1.9,.261,0.3,0.3,.750,.444,0.2,0.3,.500,0.1,1.2,1.3,0.3,0.2,0.6,0.1,0.1,2.2
259,Rodions Kurucs\kurucro01,SF-PF,22,TOT,16,0,5.7,0.4,1.5,.250,0.2,1.1,.176,0.2,0.4,.429,.313,0.1,0.1,.500,0.1,0.8,0.9,0.4,0.4,0.3,0.6,0.5,1.0
259,Rodions Kurucs\kurucro01,PF,22,BRK,5,0,3.2,0.2,0.6,.333,0.2,0.4,.500,0.0,0.2,.000,.500,0.0,0.0,,0.0,0.6,0.6,0.4,0.0,0.0,0.0,0.2,0.6
259,Rodions Kurucs\kurucro01,SF,22,HOU,11,0,6.8,0.5,1.9,.238,0.2,1.4,.133,0.3,0.5,.500,.286,0.1,0.2,.500,0.2,0.8,1.0,0.4,0.5,0.4,0.8,0.6,1.2
260,Kyle Kuzma\kuzmaky01,SF,25,LAL,40,11,26.2,4.7,10.5,.450,1.9,5.1,.379,2.8,5.4,.516,.542,0.7,1.2,.630,2.0,4.6,6.7,1.3,0.4,0.6,1.5,1.7,12.1
261,Anthony Lamb\lamban01,SF,23,HOU,6,0,16.8,0.8,4.5,.185,0.3,2.5,.133,0.5,2.0,.250,.222,0.5,0.7,.750,1.8,2.5,4.3,0.3,0.2,0.2,0.3,2.3,2.5
262,Jeremy Lamb\lambje01,SG,28,IND,23,8,22.6,3.5,7.6,.463,1.6,3.6,.446,1.9,4.0,.478,.569,2.3,2.4,.946,0.7,2.9,3.6,1.5,0.8,0.5,0.7,2.0,11.0
263,Zach LaVine\lavinza01,SG,25,CHI,40,40,35.5,10.2,19.3,.530,3.5,8.1,.438,6.7,11.2,.596,.621,4.6,5.3,.864,0.7,4.5,5.1,5.0,1.0,0.5,3.8,2.6,28.5
264,Jake Layman\laymaja01,SF,26,MIN,30,9,16.5,2.3,4.8,.486,0.6,2.1,.302,1.7,2.7,.630,.552,0.8,1.0,.767,0.4,1.4,1.8,0.7,0.8,0.5,0.7,1.2,6.1
265,Jalen Lecque\lecquja01,PG,20,IND,3,0,3.0,0.3,1.3,.250,0.0,0.3,.000,0.3,1.0,.333,.250,1.0,1.0,1.000,0.3,1.0,1.3,0.7,0.0,0.0,0.0,0.0,1.7
266,Damion Lee\leeda03,SG,28,GSW,41,1,19.0,2.2,4.9,.446,1.4,3.7,.382,0.8,1.2,.640,.589,0.7,0.8,.879,0.4,3.0,3.3,1.5,0.6,0.1,0.4,1.4,6.5
267,Saben Lee\leesa01,PG,21,DET,20,0,15.1,2.1,4.1,.512,0.2,0.4,.571,1.9,3.8,.507,.537,1.5,2.3,.667,0.4,1.3,1.7,2.7,0.6,0.3,0.9,1.7,5.9
268,Alex Len\lenal01,C,27,TOT,32,10,14.2,2.2,3.5,.631,0.2,0.6,.300,2.0,2.8,.703,.658,1.1,1.9,.600,0.7,2.7,3.4,1.0,0.3,1.1,0.9,1.8,5.7
268,Alex Len\lenal01,C,27,TOR,7,2,10.9,0.7,1.4,.500,0.4,0.9,.500,0.3,0.6,.500,.650,0.4,0.9,.500,0.0,1.6,1.6,0.4,0.1,0.9,1.1,1.4,2.3
268,Alex Len\lenal01,C,27,WAS,25,8,15.1,2.6,4.0,.644,0.1,0.6,.214,2.5,3.5,.713,.658,1.3,2.2,.611,0.9,3.0,3.9,1.1,0.3,1.1,0.8,1.9,6.6
269,Kawhi Leonard\leonaka01,SF,29,LAC,34,34,34.6,9.5,18.6,.512,2.0,5.1,.394,7.5,13.5,.557,.566,5.1,5.9,.866,1.0,5.4,6.4,4.9,1.6,0.5,1.9,1.7,26.2
270,Meyers Leonard\leoname01,C,28,MIA,3,2,9.7,1.0,2.3,.429,1.0,2.3,.429,0.0,0.0,,.643,0.3,0.7,.500,0.0,2.3,2.3,0.7,0.0,0.0,0.7,1.7,3.3
271,Caris LeVert\leverca01,SG,26,TOT,16,8,28.6,6.8,15.8,.429,1.8,5.2,.337,5.0,10.6,.473,.484,2.2,2.8,.795,0.8,3.5,4.3,5.5,1.2,0.4,2.2,1.7,17.4
271,Caris LeVert\leverca01,SG,26,BRK,12,4,27.8,7.3,16.7,.435,1.8,5.3,.349,5.4,11.4,.474,.490,2.2,2.8,.765,0.8,3.5,4.3,6.0,1.1,0.5,2.2,1.7,18.5
271,Caris LeVert\leverca01,SG,26,IND,4,4,30.8,5.3,13.0,.404,1.5,5.0,.300,3.8,8.0,.469,.462,2.3,2.5,.900,0.5,3.5,4.0,4.0,1.5,0.0,2.3,1.8,14.3
272,Kira Lewis Jr.\lewiski01,PG,19,NOP,26,0,14.0,2.1,5.5,.382,0.6,1.9,.320,1.5,3.6,.415,.438,0.6,0.8,.682,0.2,0.8,1.0,2.0,0.7,0.1,0.5,1.3,5.4
273,Damian Lillard\lillada01,PG,30,POR,40,40,36.2,9.5,20.8,.456,4.4,11.3,.389,5.1,9.5,.536,.561,7.3,7.8,.939,0.5,4.0,4.5,7.7,0.9,0.3,3.4,1.6,30.6
274,Nassir Little\littlna01,PF,20,POR,26,2,13.3,1.6,3.5,.467,0.7,1.9,.388,0.9,1.6,.561,.572,1.0,1.2,.867,0.8,1.8,2.6,0.4,0.2,0.3,0.4,1.1,5.0
275,Kevon Looney\looneke01,C,24,GSW,32,15,15.0,1.6,2.7,.598,0.1,0.3,.444,1.5,2.4,.615,.621,0.6,0.8,.800,1.6,2.5,4.1,1.6,0.4,0.3,0.7,2.0,4.0
276,Brook Lopez\lopezbr01,C,32,MIL,40,40,27.4,4.1,8.7,.474,1.6,4.5,.344,2.6,4.2,.614,.564,1.5,1.8,.817,1.4,3.7,5.1,0.8,0.6,1.5,0.9,2.1,11.2
277,Robin Lopez\lopezro01,C,32,WAS,40,9,20.3,3.2,5.6,.574,0.1,0.4,.333,3.1,5.2,.591,.585,1.6,2.3,.707,2.2,2.0,4.2,0.9,0.3,0.6,1.1,1.9,8.2
278,Kevin Love\loveke01,PF,32,CLE,4,4,14.5,1.8,5.5,.318,1.0,3.0,.333,0.8,2.5,.300,.409,1.3,1.8,.714,0.5,2.8,3.3,1.3,0.3,0.0,0.8,0.8,5.8
279,Kyle Lowry\lowryky01,PG,34,TOR,34,34,34.7,5.9,13.3,.439,2.8,7.1,.393,3.1,6.2,.493,.544,3.1,3.6,.877,0.9,4.6,5.6,7.5,1.1,0.2,3.0,3.3,17.6
280,Timothé Luwawu-Cabarrot\luwawti01,SF,25,BRK,36,6,18.8,2.4,6.2,.384,1.5,4.1,.358,0.9,2.1,.434,.502,0.6,0.7,.769,0.5,1.8,2.3,1.2,0.7,0.1,0.8,1.8,6.8
281,Trey Lyles\lylestr01,PF,25,SAS,22,9,15.7,1.9,4.0,.483,0.6,1.7,.368,1.3,2.2,.571,.563,0.6,1.0,.619,0.4,3.4,3.8,0.6,0.2,0.0,0.2,0.5,5.0
282,Thon Maker\makerth01,C,23,CLE,8,0,9.5,1.3,2.3,.556,0.0,0.3,.000,1.3,2.0,.625,.556,1.3,1.4,.909,1.0,1.3,2.3,0.5,0.3,0.5,0.4,0.9,3.8
283,Théo Maledon\maledth01,PG,19,OKC,35,19,26.1,2.9,7.3,.398,1.5,4.1,.372,1.3,3.1,.431,.504,0.7,1.0,.706,0.3,2.8,3.0,3.5,0.9,0.1,1.9,2.3,8.0
284,Karim Mané\maneka01,PG,20,ORL,6,0,9.3,0.2,1.5,.111,0.2,0.3,.500,0.0,1.2,.000,.167,0.7,0.7,1.000,0.0,1.7,1.7,0.2,0.0,0.2,0.5,0.5,1.2
285,Terance Mann\mannte01,SG,24,LAC,39,3,15.9,1.7,3.6,.471,0.4,1.0,.385,1.3,2.6,.505,.525,0.9,1.1,.795,0.8,2.4,3.3,1.2,0.4,0.2,0.6,1.7,4.7
286,Nico Mannion\mannini01,PG,19,GSW,12,1,12.7,1.3,4.0,.313,0.8,2.3,.357,0.4,1.7,.250,.417,0.7,1.0,.667,0.2,1.8,1.9,2.6,0.7,0.0,1.0,1.4,4.0
287,Boban Marjanović\marjabo01,C,32,DAL,19,1,7.7,1.9,3.9,.493,0.0,0.2,.000,1.9,3.7,.521,.493,0.6,0.8,.750,1.5,2.5,4.0,0.2,0.1,0.1,0.4,0.8,4.5
288,Lauri Markkanen\markkla01,PF,23,CHI,20,20,30.7,6.5,13.1,.498,3.0,7.4,.405,3.5,5.7,.619,.613,2.3,2.8,.821,0.7,5.1,5.8,1.0,0.6,0.5,1.5,2.0,18.3
289,Naji Marshall\marshna01,SF,23,NOP,5,0,3.4,0.2,0.8,.250,0.0,0.4,.000,0.2,0.4,.500,.250,0.2,0.4,.500,0.0,0.4,0.4,0.4,0.0,0.2,0.2,0.2,0.6
290,Caleb Martin\martica02,SF,25,CHO,28,1,14.8,2.1,5.0,.411,0.7,2.2,.323,1.4,2.8,.481,.482,0.6,1.1,.567,0.7,2.0,2.7,1.1,0.9,0.3,0.7,1.1,5.5
291,Cody Martin\martico01,SF,25,CHO,28,2,11.9,1.5,2.8,.544,0.3,0.9,.269,1.3,1.9,.679,.589,0.4,0.5,.733,0.9,1.5,2.3,1.1,0.5,0.1,0.6,0.8,3.7
292,Kelan Martin\martike03,SF,25,IND,13,0,3.8,0.5,1.6,.333,0.2,0.7,.222,0.4,0.9,.417,.381,0.2,0.2,1.000,0.1,0.8,0.9,0.0,0.2,0.0,0.3,0.4,1.4
293,Kenyon Martin Jr.\martike04,SF,20,HOU,13,0,18.8,3.1,6.2,.500,0.4,1.2,.333,2.7,5.0,.538,.531,1.2,1.7,.682,2.2,2.5,4.7,0.8,0.5,1.0,1.2,1.3,7.7
294,Frank Mason III\masonfr01,PG,26,ORL,4,1,19.8,2.3,6.0,.375,0.5,1.3,.400,1.8,4.8,.368,.417,1.3,1.8,.714,0.8,2.3,3.0,3.0,0.0,0.0,1.3,1.8,6.3
295,Garrison Mathews\mathega01,SG,24,WAS,34,18,17.0,1.9,4.4,.420,1.4,3.5,.403,0.4,0.9,.484,.580,1.6,1.8,.902,0.4,1.3,1.7,0.4,0.6,0.2,0.1,1.7,6.7
296,Dakota Mathias\mathida01,SG,25,PHI,8,2,15.4,2.4,6.0,.396,1.0,3.3,.308,1.4,2.8,.500,.479,0.3,0.8,.333,0.1,0.8,0.9,1.6,0.1,0.4,0.1,0.9,6.0
297,Wesley Matthews\matthwe02,SG,34,LAL,34,4,20.2,1.4,3.9,.351,1.0,3.1,.330,0.4,0.8,.429,.481,0.4,0.5,.813,0.4,1.1,1.4,1.0,0.5,0.4,0.5,1.5,4.2
298,Tyrese Maxey\maxeyty01,SG,20,PHI,35,6,15.4,3.3,7.2,.451,0.4,1.6,.268,2.8,5.6,.503,.480,0.7,0.8,.852,0.2,1.5,1.7,1.7,0.4,0.2,0.7,1.1,7.6
299,Skylar Mays\mayssk01,SG,23,ATL,19,0,7.4,1.1,2.7,.392,0.4,1.2,.348,0.6,1.5,.429,.471,0.8,0.9,.889,0.4,0.4,0.8,1.0,0.3,0.0,0.3,0.4,3.4
300,Patrick McCaw\mccawpa01,SF,25,TOR,3,0,6.7,0.0,0.0,,0.0,0.0,,0.0,0.0,,,0.0,0.0,,0.3,0.0,0.3,1.3,0.0,0.0,0.0,1.0,0.0
301,CJ McCollum\mccolcj01,SG,29,POR,16,16,32.1,8.8,19.4,.452,4.7,10.6,.444,4.1,8.8,.461,.573,2.8,3.3,.865,0.5,3.3,3.8,4.6,1.1,0.3,1.1,1.9,25.0
302,T.J. McConnell\mccontj01,PG,28,IND,37,2,25.1,3.2,6.0,.541,0.2,0.5,.316,3.1,5.5,.562,.554,0.2,0.5,.474,0.7,2.9,3.7,6.5,1.9,0.4,1.9,1.6,6.9
303,Jaden McDaniels\mcdanja02,PF,20,MIN,35,2,20.0,2.1,5.1,.413,1.0,2.8,.347,1.1,2.3,.494,.508,0.3,0.7,.462,0.6,2.8,3.4,1.0,0.5,1.0,0.7,2.3,5.5
304,Jalen McDaniels\mcdanja01,SF,23,CHO,19,1,11.9,1.6,3.8,.431,0.4,1.4,.269,1.3,2.4,.522,.479,0.7,1.0,.684,0.4,2.0,2.4,0.5,0.1,0.3,0.9,1.6,4.3
305,Doug McDermott\mcderdo01,PF,29,IND,39,15,25.5,5.2,10.2,.508,1.7,4.5,.373,3.5,5.7,.615,.590,1.4,1.7,.831,1.0,2.8,3.8,1.4,0.3,0.1,0.9,1.7,13.4
306,Sean McDermott\mcderse01,SF,24,MEM,9,0,14.6,1.2,2.8,.440,0.6,1.8,.313,0.7,1.0,.667,.540,0.7,0.7,1.000,0.4,0.9,1.3,0.4,0.2,0.2,0.4,0.7,3.7
307,JaVale McGee\mcgeeja01,C,33,CLE,31,1,15.2,3.3,6.5,.510,0.2,0.6,.263,3.2,5.9,.536,.522,1.0,1.6,.612,1.5,3.4,5.0,0.9,0.5,1.2,1.3,2.5,7.8
308,Rodney McGruder\mcgruro01,SG,29,DET,15,1,11.9,2.3,4.5,.507,0.7,1.5,.435,1.6,2.9,.545,.582,0.4,0.5,.750,0.5,0.9,1.4,1.0,0.5,0.1,0.5,0.7,5.6
309,Alfonzo McKinnie\mckinal01,SF,28,LAL,20,0,5.2,1.0,1.7,.559,0.3,0.7,.429,0.7,1.0,.650,.647,0.3,0.4,.625,0.4,0.9,1.3,0.1,0.1,0.0,0.1,0.6,2.5
310,Jordan McLaughlin\mclaujo01,PG,24,MIN,24,0,19.5,2.2,5.9,.376,0.7,1.9,.348,1.5,4.0,.389,.433,0.3,0.4,.800,0.5,1.8,2.3,4.7,1.0,0.2,1.1,1.0,5.4
311,Ben McLemore\mclembe01,SG,27,HOU,27,3,16.1,2.3,6.6,.345,1.4,4.7,.310,0.8,1.9,.431,.455,0.6,0.9,.708,0.4,1.9,2.3,0.9,0.6,0.1,0.9,1.5,6.6
312,Nicolò Melli\mellini01,PF,30,NOP,20,0,11.0,0.7,2.7,.259,0.4,1.7,.206,0.4,1.0,.350,.324,0.3,0.4,.857,0.6,2.1,2.6,1.1,0.4,0.1,0.4,1.3,2.1
313,De'Anthony Melton\meltode01,PG,22,MEM,26,1,20.5,3.8,8.1,.469,1.5,3.8,.400,2.3,4.3,.532,.564,0.8,1.0,.769,0.7,2.7,3.4,3.0,1.3,0.6,1.2,1.7,9.9
314,Sam Merrill\merrisa01,SG,24,MIL,14,0,5.9,0.6,1.4,.421,0.4,0.9,.500,0.1,0.5,.286,.579,0.1,0.1,1.000,0.3,0.7,1.0,0.8,0.1,0.0,0.2,0.4,1.7
315,Chimezie Metu\metuch01,C,23,SAC,11,0,6.5,1.4,2.7,.500,0.1,0.3,.333,1.3,2.5,.519,.517,0.5,0.8,.667,1.0,1.1,2.1,0.5,0.3,0.5,0.5,0.9,3.4
316,Khris Middleton\middlkh01,SF,29,MIL,40,40,33.4,7.4,15.2,.487,2.2,5.2,.416,5.2,10.0,.524,.558,3.3,3.6,.897,0.8,5.2,6.0,5.5,1.1,0.2,2.8,2.5,20.2
317,Darius Miller\milleda01,SF,30,OKC,14,0,10.4,1.0,2.2,.452,0.8,1.9,.407,0.2,0.3,.750,.629,0.6,0.6,1.000,0.1,1.3,1.4,1.1,0.6,0.3,0.4,0.6,3.4
318,Patty Mills\millspa02,PG,32,SAS,38,0,25.5,4.5,10.3,.440,2.7,6.9,.393,1.8,3.4,.535,.572,1.3,1.4,.906,0.3,1.4,1.7,2.6,0.7,0.0,1.1,1.3,13.0
319,Paul Millsap\millspa01,PF,35,DEN,31,30,23.5,3.6,7.2,.507,1.1,2.9,.378,2.5,4.3,.594,.583,1.5,2.1,.692,1.5,3.6,5.1,1.6,0.9,0.6,0.9,2.0,9.8
320,Shake Milton\miltosh01,SG,24,PHI,33,1,24.5,4.8,10.9,.439,1.0,3.3,.303,3.8,7.6,.498,.485,2.6,3.0,.888,0.6,1.7,2.3,3.1,0.6,0.3,1.6,2.4,13.2
321,Donovan Mitchell\mitchdo01,SG,24,UTA,39,39,34.2,8.6,20.3,.422,3.3,8.7,.372,5.3,11.5,.460,.503,4.9,5.8,.833,1.0,3.5,4.5,5.4,1.0,0.3,3.0,2.3,25.3
322,Adam Mokoka\mokokad01,SG,22,CHI,8,0,5.5,0.6,1.8,.357,0.1,1.0,.125,0.5,0.8,.667,.393,0.0,0.0,,0.1,0.4,0.5,0.5,0.3,0.1,0.3,0.6,1.4
323,Malik Monk\monkma01,SG,22,CHO,27,0,21.5,4.4,9.8,.449,2.1,5.1,.417,2.3,4.7,.484,.558,1.7,2.2,.797,0.4,2.4,2.8,1.8,0.4,0.1,1.5,1.3,12.7
324,E'Twaun Moore\mooreet01,SG,31,PHO,24,1,14.5,1.8,4.3,.422,0.3,1.2,.276,1.5,3.0,.479,.461,0.3,0.4,.800,0.5,1.2,1.8,1.5,0.6,0.2,0.8,1.3,4.3
325,Ja Morant\moranja01,PG,21,MEM,30,30,31.1,6.9,15.4,.445,0.8,3.5,.231,6.1,12.0,.507,.471,4.7,6.0,.773,0.8,2.5,3.3,7.4,0.9,0.2,3.0,1.6,19.2
326,Juwan Morgan\morgaju01,PF,23,UTA,16,0,4.5,0.4,0.9,.429,0.2,0.6,.300,0.2,0.3,.750,.536,0.1,0.3,.200,0.3,0.6,0.9,0.3,0.2,0.0,0.1,0.8,1.0
327,Marcus Morris\morrima03,PF,31,LAC,32,4,24.8,4.2,9.7,.434,2.2,5.0,.435,2.0,4.7,.433,.547,1.2,1.4,.886,0.7,3.2,3.8,1.1,0.6,0.3,0.9,1.9,11.8
328,Markieff Morris\morrima02,PF,31,LAL,35,11,17.5,2.0,4.8,.417,1.0,2.8,.343,1.0,2.0,.522,.518,0.7,1.1,.703,0.8,3.3,4.1,1.0,0.2,0.3,0.7,1.6,5.7
329,Monte Morris\morrimo01,PG,25,DEN,36,10,27.2,4.0,8.5,.471,1.1,3.2,.351,2.9,5.3,.542,.536,1.3,1.8,.762,0.2,2.0,2.2,3.4,0.7,0.3,0.7,1.0,10.4
330,Mychal Mulder\muldemy01,PG,26,GSW,35,2,10.5,1.4,3.2,.432,1.1,2.7,.406,0.3,0.4,.600,.608,0.2,0.4,.533,0.0,0.9,0.9,0.4,0.2,0.2,0.2,0.8,4.1
331,Dejounte Murray\murrade01,PG,24,SAS,38,38,31.3,6.5,14.4,.454,0.9,3.0,.316,5.6,11.4,.491,.487,1.8,2.2,.821,0.7,6.3,7.0,5.2,1.5,0.1,1.7,2.1,15.8
332,Jamal Murray\murraja01,PG,23,DEN,39,39,35.4,7.8,16.3,.478,2.7,6.6,.409,5.1,9.6,.525,.562,2.8,3.3,.853,0.7,3.3,4.0,4.7,1.3,0.3,2.3,2.1,21.1
333,Mike Muscala\muscami01,C,29,OKC,35,0,18.4,3.4,7.6,.446,1.9,5.3,.370,1.5,2.4,.614,.573,0.9,1.0,.917,0.5,3.2,3.8,0.8,0.2,0.3,0.6,1.5,9.7
334,Sviatoslav Mykhailiuk\mykhasv01,SF,23,TOT,37,5,17.6,2.3,6.1,.373,1.5,4.7,.329,0.7,1.4,.519,.500,0.6,0.8,.800,0.3,1.8,2.1,1.5,0.7,0.2,1.1,0.9,6.7
334,Sviatoslav Mykhailiuk\mykhasv01,SF,23,DET,36,5,17.6,2.3,6.2,.377,1.6,4.8,.333,0.8,1.4,.519,.504,0.7,0.8,.800,0.3,1.8,2.1,1.6,0.8,0.2,1.1,0.9,6.9
334,Sviatoslav Mykhailiuk\mykhasv01,G-F,23,OKC,1,0,16.0,0.0,2.0,.000,0.0,2.0,.000,0.0,0.0,,.000,0.0,0.0,,0.0,2.0,2.0,0.0,0.0,0.0,1.0,0.0,0.0
335,Abdel Nader\naderab01,SF,27,PHO,23,0,15.0,2.4,5.0,.482,0.7,1.8,.405,1.7,3.1,.528,.557,1.2,1.6,.757,0.3,2.2,2.5,0.7,0.4,0.4,0.7,1.3,6.7
336,Larry Nance Jr.\nancela02,PF,28,CLE,24,22,33.2,3.8,7.8,.489,1.2,3.3,.367,2.6,4.5,.579,.567,0.8,1.3,.613,1.5,5.2,6.7,3.0,1.8,0.6,1.5,2.2,9.6
337,Aaron Nesmith\nesmiaa01,SF,21,BOS,20,0,15.2,1.4,3.4,.397,0.9,2.6,.353,0.5,0.9,.529,.529,0.4,0.6,.667,0.5,1.7,2.2,0.4,0.2,0.3,0.6,1.9,4.0
338,Raul Neto\netora01,PG,28,WAS,35,6,20.7,3.0,6.8,.441,0.9,2.6,.367,2.1,4.2,.486,.511,1.0,1.1,.850,0.4,1.8,2.2,2.2,1.2,0.1,0.8,1.6,7.9
339,Georges Niang\niangge01,PF,27,UTA,41,0,13.5,1.9,4.6,.415,1.2,3.2,.366,0.7,1.4,.526,.543,0.1,0.1,1.000,0.3,1.9,2.2,0.7,0.3,0.1,0.6,1.5,5.1
340,Zeke Nnaji\nnajize01,PF,20,DEN,27,1,10.5,1.4,2.6,.529,0.6,1.4,.436,0.7,1.1,.645,.650,0.2,0.3,.714,0.4,1.0,1.4,0.2,0.1,0.1,0.2,0.7,3.6
341,Nerlens Noel\noelne01,C,26,NYK,37,15,22.1,2.0,3.3,.612,0.0,0.1,.000,2.0,3.2,.622,.612,0.6,0.9,.667,2.1,3.8,5.9,0.6,0.9,2.0,1.1,2.4,4.6
342,Jaylen Nowell\nowelja01,SG,21,MIN,28,0,18.5,3.9,8.3,.464,1.5,3.8,.390,2.4,4.6,.523,.552,1.2,1.4,.825,0.5,1.8,2.3,1.3,0.5,0.3,0.7,2.0,10.4
343,Frank Ntilikina\ntilila01,PG,22,NYK,14,3,14.8,1.6,4.2,.373,1.1,2.4,.471,0.4,1.8,.240,.508,0.4,0.7,.500,0.2,0.9,1.1,0.8,1.0,0.1,0.4,1.9,4.6
344,Kendrick Nunn\nunnke01,PG,25,MIA,34,22,28.8,5.1,11.4,.442,1.9,5.5,.351,3.1,5.9,.527,.527,1.1,1.1,.923,0.5,2.8,3.2,2.7,1.1,0.3,1.6,1.8,13.1
345,Jusuf Nurkić\nurkiju01,C,26,POR,12,12,23.3,4.2,8.6,.485,0.3,1.0,.250,3.9,7.6,.516,.500,1.3,2.3,.556,1.9,5.8,7.7,2.8,0.9,0.9,1.9,2.8,9.8
346,David Nwaba\nwabada01,SF,28,HOU,30,9,22.6,3.5,7.2,.488,0.6,2.1,.270,3.0,5.1,.578,.528,1.6,2.3,.691,1.3,2.6,3.9,1.0,1.0,0.7,0.6,2.0,9.2
347,Jordan Nwora\nworajo01,SF,22,MIL,10,0,8.2,1.7,3.7,.459,0.8,1.6,.500,0.9,2.1,.429,.568,0.9,1.0,.900,0.1,1.4,1.5,0.0,0.4,0.2,1.0,0.9,5.1
348,Royce O'Neale\onealro01,SF,27,UTA,41,41,32.5,2.6,5.8,.447,1.8,4.2,.416,0.8,1.6,.531,.599,0.7,0.8,.844,1.3,5.5,6.7,2.6,0.8,0.5,1.2,2.9,7.6
349,Semi Ojeleye\ojelese01,PF,26,BOS,37,8,19.1,1.8,4.4,.416,1.2,3.1,.388,0.6,1.2,.489,.556,0.6,0.8,.733,0.6,2.2,2.8,0.8,0.3,0.0,0.4,1.2,5.4
350,Jahlil Okafor\okafoja01,C,25,DET,12,0,10.0,2.1,3.5,.595,0.0,0.3,.000,2.1,3.3,.641,.595,0.1,0.2,.500,1.1,1.2,2.3,0.3,0.2,0.2,0.3,0.8,4.3
351,Chuma Okeke\okekech01,PF,22,ORL,25,2,22.1,1.7,4.6,.365,0.9,2.4,.367,0.8,2.2,.364,.461,0.3,0.5,.615,0.9,2.7,3.6,1.9,0.8,0.4,0.7,1.1,4.6
352,Josh Okogie\okogijo01,SG,22,MIN,35,21,19.8,1.5,4.3,.342,0.4,1.8,.219,1.1,2.5,.432,.388,1.4,1.7,.814,0.9,1.6,2.5,1.2,0.8,0.4,0.7,2.0,4.7
353,Onyeka Okongwu\okongon01,C,20,ATL,19,1,9.7,1.3,2.1,.600,0.0,0.1,.000,1.3,2.1,.615,.600,0.5,0.8,.600,0.7,1.7,2.4,0.3,0.4,0.6,0.4,1.5,3.0
354,Isaac Okoro\okorois01,SG,20,CLE,36,36,32.5,3.0,7.3,.410,0.9,2.9,.301,2.1,4.4,.481,.469,1.2,1.7,.677,0.9,1.8,2.7,1.8,1.0,0.5,1.4,3.1,8.0
355,KZ Okpala\okpalkz01,PF,21,MIA,25,9,12.9,1.1,2.6,.409,0.4,1.5,.297,0.6,1.2,.552,.492,0.1,0.2,.333,0.6,1.4,2.0,0.4,0.2,0.3,0.5,1.8,2.7
356,Victor Oladipo\oladivi01,SG,28,TOT,28,28,33.1,7.5,18.5,.405,2.5,7.6,.327,5.0,10.9,.461,.473,3.3,4.3,.765,0.3,4.7,5.0,4.7,1.3,0.4,2.4,2.3,20.8
356,Victor Oladipo\oladivi01,SG,28,IND,9,9,33.3,7.1,16.9,.421,2.8,7.7,.362,4.3,9.2,.470,.503,3.0,4.1,.730,0.1,5.6,5.7,4.2,1.7,0.2,2.0,2.6,20.0
356,Victor Oladipo\oladivi01,SG,28,HOU,19,19,33.1,7.7,19.3,.399,2.4,7.6,.310,5.3,11.6,.457,.460,3.4,4.3,.780,0.4,4.3,4.7,4.9,1.2,0.5,2.6,2.2,21.1
357,Kelly Olynyk\olynyke01,C,29,MIA,41,36,27.2,3.9,8.8,.443,1.9,5.7,.328,2.0,3.1,.654,.549,0.8,1.0,.775,1.0,5.1,6.0,2.2,1.0,0.6,1.3,2.9,10.4
358,Miye Oni\onimi01,SG,23,UTA,28,0,7.9,0.6,1.5,.381,0.5,1.3,.400,0.1,0.3,.286,.548,0.2,0.2,.833,0.5,1.2,1.7,0.2,0.1,0.1,0.3,1.1,1.8
359,Cedi Osman\osmande01,SF,25,CLE,40,15,25.3,3.7,10.1,.361,1.9,5.9,.319,1.8,4.2,.420,.454,1.2,1.5,.787,0.7,2.8,3.5,2.7,0.9,0.2,1.1,1.9,10.4
360,Daniel Oturu\oturuda01,C,21,LAC,12,0,4.7,0.8,1.4,.588,0.0,0.1,.000,0.8,1.3,.625,.588,0.2,0.2,1.000,0.4,0.9,1.3,0.4,0.0,0.3,0.3,0.6,1.8
361,Kelly Oubre Jr.\oubreke01,SF,25,GSW,40,40,30.5,5.7,12.9,.437,1.6,5.2,.303,4.1,7.7,.528,.498,2.1,2.9,.709,1.3,4.5,5.8,1.3,1.1,0.8,1.3,2.2,15.0
362,Jabari Parker\parkeja01,PF,25,SAC,3,0,9.0,1.3,2.3,.571,0.0,0.3,.000,1.3,2.0,.667,.571,0.0,0.0,,0.3,1.7,2.0,0.3,0.0,0.3,1.0,1.3,2.7
363,Eric Paschall\pascher01,PF,24,GSW,37,2,17.4,3.7,7.6,.493,0.4,1.3,.306,3.3,6.2,.532,.520,1.6,2.3,.718,0.7,2.4,3.2,1.3,0.3,0.2,1.1,1.7,9.5
364,Anžejs Pasečņiks\pasecan01,C,25,WAS,1,0,6.0,0.0,1.0,.000,0.0,1.0,.000,0.0,0.0,,.000,0.0,0.0,,1.0,0.0,1.0,1.0,0.0,0.0,5.0,2.0,0.0
365,Patrick Patterson\pattepa01,PF,31,LAC,13,1,12.8,1.7,3.8,.449,1.0,2.8,.361,0.7,1.0,.692,.582,0.3,0.5,.667,0.3,1.6,1.9,0.5,0.4,0.2,0.5,1.2,4.7
366,Justin Patton\pattoju01,C,23,HOU,11,6,21.4,2.5,5.9,.415,0.8,2.8,.290,1.6,3.1,.529,.485,0.3,0.4,.750,1.2,2.9,4.1,1.2,1.1,1.3,0.4,3.0,6.0
367,Chris Paul\paulch01,PG,35,PHO,39,39,31.8,6.1,12.5,.488,1.5,3.8,.388,4.6,8.7,.531,.546,2.4,2.5,.949,0.4,4.2,4.6,8.7,1.3,0.3,2.4,2.5,16.0
368,Cameron Payne\payneca01,PG,26,PHO,29,0,16.9,2.7,5.4,.500,1.1,2.4,.457,1.6,3.0,.535,.603,0.7,0.8,.909,0.1,2.0,2.1,3.7,0.6,0.2,1.1,1.7,7.2
369,Elfrid Payton\paytoel01,PG,26,NYK,34,34,28.1,5.2,12.0,.437,0.5,1.9,.250,4.8,10.1,.472,.457,1.6,2.2,.737,1.3,2.5,3.8,3.7,0.7,0.2,1.8,1.9,12.6
370,Norvel Pelle\pelleno01,C,27,TOT,4,0,8.0,0.8,2.0,.375,0.0,0.0,,0.8,2.0,.375,.375,0.8,1.0,.750,1.0,1.0,2.0,0.3,0.0,0.8,0.8,2.5,2.3
370,Norvel Pelle\pelleno01,C,27,BRK,3,0,9.3,1.0,2.3,.429,0.0,0.0,,1.0,2.3,.429,.429,0.0,0.0,,1.0,1.3,2.3,0.0,0.0,1.0,1.0,3.0,2.0
370,Norvel Pelle\pelleno01,C,27,SAC,1,0,4.0,0.0,1.0,.000,0.0,0.0,,0.0,1.0,.000,.000,3.0,4.0,.750,1.0,0.0,1.0,1.0,0.0,0.0,0.0,1.0,3.0
371,Reggie Perry\perryre01,PF,20,BRK,14,0,10.5,1.5,3.6,.412,0.1,0.9,.167,1.4,2.8,.487,.431,0.4,0.6,.667,1.2,2.4,3.6,0.9,0.1,0.4,0.8,1.9,3.6
372,Theo Pinson\pinsoth01,SG,25,NYK,13,0,2.2,0.1,0.6,.125,0.0,0.5,.000,0.1,0.1,1.000,.125,0.0,0.0,,0.0,0.2,0.2,0.1,0.0,0.0,0.1,0.2,0.2
373,Mason Plumlee\plumlma01,C,30,DET,39,39,27.6,4.2,6.9,.606,0.0,0.2,.000,4.2,6.7,.620,.606,1.9,2.9,.652,2.8,6.7,9.5,3.6,0.8,0.9,2.0,3.5,10.2
374,Jakob Poeltl\poeltja01,C,25,SAS,38,20,24.2,3.3,5.3,.614,0.0,0.0,,3.3,5.3,.614,.614,0.6,1.6,.373,3.1,4.6,7.7,1.8,0.6,1.5,1.2,2.2,7.1
375,Vincent Poirier\poirivi01,C,27,PHI,9,0,4.0,0.3,1.3,.250,0.0,0.1,.000,0.3,1.2,.273,.250,0.2,0.4,.500,0.7,0.6,1.2,0.2,0.0,0.2,0.3,0.7,0.9
376,Aleksej Pokusevski\pokusal01,PF,19,OKC,22,5,20.5,1.8,6.7,.270,0.8,3.7,.210,1.0,3.0,.343,.328,0.4,0.4,1.000,0.7,3.8,4.5,1.5,0.4,1.0,1.4,1.0,4.8
377,Jordan Poole\poolejo01,SG,21,GSW,21,1,13.8,3.3,6.6,.504,1.6,3.9,.402,1.8,2.7,.649,.622,1.4,1.6,.909,0.1,1.2,1.4,1.2,0.3,0.1,0.5,1.1,9.7
378,Jontay Porter\portejo01,PF,21,MEM,1,0,3.0,0.0,2.0,.000,0.0,1.0,.000,0.0,1.0,.000,.000,0.0,0.0,,1.0,2.0,3.0,0.0,0.0,0.0,0.0,1.0,0.0
379,Kevin Porter Jr.\porteke02,SG,20,HOU,6,4,30.7,6.5,15.3,.424,1.5,6.7,.225,5.0,8.7,.577,.473,2.2,3.3,.650,0.2,2.8,3.0,6.7,1.5,0.8,3.2,2.0,16.7
380,Michael Porter Jr.\portemi01,SF,22,DEN,31,24,29.1,5.9,11.3,.524,2.3,5.6,.416,3.6,5.7,.629,.627,1.6,2.2,.761,1.4,5.9,7.3,0.9,0.8,1.0,1.1,2.2,15.8
381,Otto Porter\porteot01,SF,27,CHI,22,6,22.1,3.8,8.6,.442,1.7,4.1,.407,2.1,4.5,.475,.539,1.4,1.7,.838,1.1,4.5,5.6,2.0,0.5,0.2,1.0,1.4,10.7
382,Bobby Portis\portibo01,C,25,MIL,40,2,21.1,4.5,8.5,.534,1.1,2.3,.478,3.5,6.2,.554,.597,0.6,0.9,.714,1.8,5.1,6.9,1.0,0.8,0.4,0.8,1.9,10.8
383,Kristaps Porziņģis\porzikr01,C,25,DAL,25,25,30.6,7.6,15.7,.481,2.2,6.1,.366,5.3,9.6,.554,.552,2.6,3.2,.835,1.8,6.8,8.6,1.2,0.4,1.6,1.3,2.9,20.0
384,Dwight Powell\poweldw01,C,29,DAL,27,8,14.5,1.2,2.7,.446,0.0,0.4,.100,1.2,2.4,.500,.453,1.7,2.3,.754,1.0,2.3,3.3,0.8,0.5,0.3,0.6,2.3,4.2
385,Norman Powell\powelno01,SG,27,TOR,39,28,30.4,6.6,13.3,.498,2.9,6.4,.448,3.8,6.9,.544,.606,3.4,3.9,.870,0.5,2.6,3.1,1.8,1.2,0.2,1.8,2.3,19.6
386,Taurean Prince\princta02,PF,26,TOT,29,10,21.4,2.7,7.2,.380,1.3,3.5,.386,1.4,3.7,.374,.474,1.6,1.8,.849,0.5,3.1,3.6,1.7,0.7,0.7,1.1,1.8,8.3
386,Taurean Prince\princta02,PF,26,BRK,12,4,18.2,2.5,6.2,.405,1.1,3.1,.351,1.4,3.1,.459,.493,2.0,2.3,.889,0.2,2.7,2.8,0.6,0.7,0.7,0.9,1.8,8.1
386,Taurean Prince\princta02,PF,26,CLE,17,6,23.6,2.9,7.9,.366,1.5,3.8,.406,1.4,4.1,.329,.463,1.2,1.5,.808,0.8,3.4,4.1,2.5,0.6,0.6,1.2,1.9,8.5
387,Payton Pritchard\pritcpa01,SG,23,BOS,35,1,20.5,2.7,6.0,.455,1.3,3.3,.412,1.4,2.7,.505,.567,0.5,0.6,.900,0.5,1.6,2.1,2.2,0.6,0.1,1.0,1.9,7.3
388,Immanuel Quickley\quickim01,PG,21,NYK,37,2,19.9,4.0,10.1,.395,1.9,5.1,.372,2.1,5.0,.418,.489,2.9,3.3,.901,0.5,1.8,2.3,2.4,0.5,0.2,1.0,2.1,12.8
389,Jahmi'us Ramsey\ramseja01,SG,19,SAC,5,0,3.4,0.6,1.0,.600,0.2,0.6,.333,0.4,0.4,1.000,.700,0.0,0.0,,0.0,0.8,0.8,0.2,0.0,0.2,0.2,0.0,1.4
390,Chasson Randle\randlch01,PG,27,ORL,13,2,22.8,2.0,4.8,.419,1.2,3.2,.357,0.8,1.5,.550,.540,0.8,1.1,.786,0.2,2.1,2.2,2.9,0.4,0.1,1.2,1.9,6.0
391,Julius Randle\randlju01,PF,26,NYK,42,42,36.8,8.2,17.3,.475,1.9,4.5,.408,6.4,12.8,.499,.529,4.6,5.8,.791,1.5,9.6,11.1,6.0,0.8,0.2,3.3,3.0,22.9
392,Cam Reddish\reddica01,SF,21,ATL,26,21,28.8,3.7,10.1,.365,1.3,4.8,.262,2.4,5.3,.460,.428,2.6,3.2,.817,0.8,3.2,4.0,1.3,1.3,0.3,1.3,2.6,11.2
393,J.J. Redick\redicjj01,SG,36,NOP,31,0,18.6,2.8,6.9,.407,1.6,4.5,.364,1.2,2.4,.486,.526,1.5,1.5,.957,0.1,1.6,1.7,1.3,0.3,0.1,0.8,1.2,8.7
394,Paul Reed\reedpa01,PF,21,PHI,6,0,10.3,1.7,3.8,.435,0.0,0.5,.000,1.7,3.3,.500,.435,0.0,0.0,,1.2,0.8,2.0,0.5,0.2,0.8,0.8,0.7,3.3
395,Naz Reid\reidna01,C,21,MIN,40,13,19.9,4.5,8.6,.520,0.8,2.5,.330,3.7,6.1,.598,.568,1.7,2.4,.723,1.2,3.5,4.6,1.2,0.6,1.2,1.0,2.9,11.5
396,Nick Richards\richani01,PF,23,CHO,10,0,3.3,0.3,0.6,.500,0.0,0.0,,0.3,0.6,.500,.500,0.7,1.1,.636,0.2,0.6,0.8,0.0,0.0,0.0,0.1,0.4,1.3
397,Josh Richardson\richajo01,SG,27,DAL,31,31,32.1,4.6,10.6,.439,1.6,5.0,.314,3.1,5.5,.552,.514,2.2,2.3,.931,0.9,2.4,3.3,2.6,1.0,0.4,1.5,2.6,13.0
398,Austin Rivers\riverau01,SG,28,NYK,21,2,21.0,2.8,6.4,.430,1.3,3.7,.364,1.4,2.8,.517,.533,0.5,0.7,.714,0.2,2.0,2.2,2.0,0.6,0.0,1.0,1.5,7.3
399,Andre Roberson\roberan03,SG,29,BRK,5,0,12.6,0.4,2.8,.143,0.2,1.6,.125,0.2,1.2,.167,.179,0.2,0.4,.500,1.4,1.6,3.0,0.8,0.6,0.2,0.4,0.8,1.2
400,Duncan Robinson\robindu01,SF,26,MIA,42,42,32.8,4.2,10.0,.419,3.3,8.5,.385,0.9,1.4,.617,.584,1.0,1.3,.830,0.1,3.8,3.9,1.6,0.6,0.2,1.2,2.4,12.7
401,Glenn Robinson III\robingl02,SF,27,SAC,23,2,16.0,1.8,4.3,.424,0.7,1.9,.364,1.1,2.4,.473,.505,0.9,1.0,.913,0.5,1.5,2.0,0.9,0.2,0.1,0.5,1.0,5.3
402,Jerome Robinson\robinje01,SG,23,WAS,13,3,17.0,1.7,5.2,.328,0.7,2.4,.290,1.0,2.8,.361,.396,1.2,1.3,.882,0.2,2.4,2.5,1.4,0.5,0.2,0.8,1.6,5.2
403,Mitchell Robinson\robinmi01,C,22,NYK,27,27,28.8,3.8,5.8,.660,0.0,0.0,,3.8,5.8,.660,.660,0.8,1.7,.478,3.6,4.8,8.4,0.5,1.2,1.5,0.8,2.9,8.4
404,Isaiah Roby\robyis01,PF,22,OKC,35,15,22.1,3.4,6.3,.534,0.6,1.7,.345,2.8,4.7,.601,.579,1.4,1.9,.735,1.5,3.9,5.5,1.7,0.8,0.6,1.6,2.7,8.7
405,Rajon Rondo\rondora01,PG,34,ATL,25,2,15.1,1.7,4.0,.416,0.7,1.8,.386,1.0,2.3,.439,.500,0.0,0.1,.500,0.2,1.8,2.0,3.6,0.8,0.1,1.6,0.8,4.1
406,Derrick Rose\rosede01,PG,32,TOT,25,3,23.5,5.0,11.7,.430,0.9,2.4,.377,4.1,9.3,.444,.469,2.5,3.0,.851,0.3,1.9,2.2,4.5,1.2,0.4,1.9,1.2,13.5
406,Derrick Rose\rosede01,PG,32,DET,15,0,22.8,5.3,12.3,.429,0.9,2.6,.333,4.4,9.7,.455,.465,2.8,3.3,.840,0.4,1.5,1.9,4.2,1.2,0.3,1.9,1.1,14.2
406,Derrick Rose\rosede01,PG,32,NYK,10,3,24.6,4.7,10.9,.431,1.0,2.2,.455,3.7,8.7,.425,.477,2.1,2.4,.875,0.1,2.5,2.6,4.9,1.1,0.6,1.9,1.2,12.5
407,Terrence Ross\rosste01,SG,29,ORL,36,2,29.6,5.7,13.8,.414,2.3,6.3,.360,3.4,7.5,.459,.496,2.3,2.6,.894,0.3,3.2,3.5,2.3,1.1,0.5,1.7,1.9,16.0
408,Terry Rozier\roziete01,SG,26,CHO,38,38,33.1,7.3,15.2,.481,3.3,7.9,.425,4.0,7.3,.541,.591,2.5,2.9,.839,0.5,3.3,3.8,3.2,1.4,0.3,1.9,1.9,20.4
409,Ricky Rubio\rubiori01,PG,30,MIN,40,25,26.1,2.9,7.1,.408,0.8,2.6,.324,2.1,4.5,.456,.466,2.2,2.6,.835,0.4,2.7,3.1,6.7,1.3,0.0,2.0,2.2,8.7
410,D'Angelo Russell\russeda01,PG,24,MIN,20,19,29.2,7.0,16.3,.426,3.0,7.4,.399,4.0,8.9,.449,.517,2.4,3.2,.750,0.5,2.2,2.6,5.1,1.1,0.5,2.7,2.0,19.3
411,Domantas Sabonis\sabondo01,PF,24,IND,40,40,36.3,7.7,14.6,.528,0.9,2.6,.327,6.9,12.0,.572,.557,4.0,5.7,.708,2.6,8.7,11.3,6.4,1.1,0.6,3.4,3.5,20.3
412,Luka Šamanić\samanlu01,PF,21,SAS,13,1,9.6,1.3,3.1,.425,0.6,1.8,.333,0.7,1.2,.563,.525,0.5,1.0,.538,0.5,1.9,2.5,0.2,0.2,0.2,0.6,0.9,3.8
413,JaKarr Sampson\sampsja02,PF,27,IND,15,0,6.5,1.0,2.1,.469,0.1,0.3,.200,0.9,1.8,.519,.484,0.5,0.7,.800,0.5,1.4,1.9,0.1,0.1,0.2,0.4,0.7,2.6
414,Dario Šarić\saricda01,C,26,PHO,22,0,19.2,4.0,8.2,.483,1.3,3.4,.373,2.7,4.8,.562,.561,1.7,2.0,.884,0.9,3.5,4.4,1.3,0.6,0.1,1.5,2.3,10.9
415,Tomáš Satoranský\satorto01,SG,29,CHI,29,4,22.0,2.6,5.1,.514,0.8,1.9,.429,1.8,3.2,.565,.595,1.3,1.4,.902,0.4,2.1,2.6,4.7,0.6,0.2,1.7,1.3,7.3
416,Dennis Schröder\schrode01,SG,27,LAL,37,37,31.3,5.2,11.9,.437,1.0,3.2,.316,4.2,8.7,.481,.479,3.4,4.1,.829,0.5,2.9,3.4,4.7,1.0,0.2,2.5,2.6,14.8
417,Mike Scott\scottmi01,PF,32,PHI,22,4,16.9,1.5,3.8,.386,1.0,2.9,.349,0.5,0.9,.500,.518,0.2,0.3,.571,0.2,2.4,2.6,0.4,0.5,0.1,0.5,1.0,4.1
418,Collin Sexton\sextoco01,SG,22,CLE,36,36,36.0,8.8,18.3,.477,1.7,4.4,.382,7.1,14.0,.507,.523,4.7,5.8,.810,0.7,2.0,2.7,4.2,1.1,0.1,2.8,2.8,23.9
419,Landry Shamet\shamela01,SG,23,BRK,38,1,20.3,2.6,6.6,.394,1.8,4.9,.374,0.7,1.6,.452,.534,0.9,1.1,.837,0.2,1.6,1.8,1.1,0.5,0.1,0.7,1.3,7.9
420,Iman Shumpert\shumpim01,SG,30,BRK,2,0,5.5,0.5,2.0,.250,0.0,1.5,.000,0.5,0.5,1.000,.250,0.0,0.0,,0.5,0.0,0.5,0.0,0.5,0.0,0.5,0.0,1.0
421,Pascal Siakam\siakapa01,PF,26,TOR,32,32,35.6,7.3,16.3,.447,1.3,4.2,.296,6.1,12.1,.500,.486,4.2,5.1,.817,1.8,5.5,7.3,4.8,1.1,0.7,2.1,3.1,20.1
422,Chris Silva\silvach01,PF,24,MIA,11,0,7.5,0.8,1.2,.692,0.1,0.1,1.000,0.7,1.1,.667,.731,1.0,1.4,.733,0.6,1.6,2.3,0.5,0.1,0.5,0.8,1.8,2.7
423,Ben Simmons\simmobe01,PG,24,PHI,34,34,34.0,6.2,10.9,.571,0.1,0.2,.375,6.1,10.7,.576,.575,3.4,5.1,.659,1.8,6.2,8.0,7.8,1.5,0.7,3.4,3.1,15.9
424,Anfernee Simons\simonan01,SG,21,POR,35,0,16.7,2.7,6.9,.398,2.0,4.8,.408,0.8,2.1,.375,.541,0.7,0.8,.821,0.2,2.1,2.4,1.4,0.2,0.1,0.8,1.7,8.1
425,Deividas Sirvydis\sirvyde01,SG,20,DET,7,0,1.7,0.0,0.6,.000,0.0,0.6,.000,0.0,0.0,,.000,0.1,0.3,.500,0.0,0.3,0.3,0.1,0.1,0.0,0.0,0.1,0.1
426,Alen Smailagić\smailal01,PF,20,GSW,2,0,2.5,0.5,1.0,.500,0.0,0.0,,0.5,1.0,.500,.500,0.0,1.0,.000,0.0,0.0,0.0,0.0,0.0,0.0,0.0,0.0,1.0
427,Marcus Smart\smartma01,PG,26,BOS,22,19,30.8,4.1,10.2,.400,1.7,5.2,.330,2.4,5.0,.473,.484,2.8,3.6,.772,0.5,2.2,2.7,5.3,1.6,0.5,1.6,2.4,12.7
428,Dennis Smith Jr.\smithde03,PG,23,TOT,17,7,18.6,2.7,7.0,.387,1.0,2.9,.340,1.7,4.1,.420,.458,0.6,0.8,.786,0.6,1.9,2.5,3.3,1.1,0.6,1.1,1.6,7.1
428,Dennis Smith Jr.\smithde03,PG,23,NYK,3,0,9.3,0.7,3.3,.200,0.0,1.3,.000,0.7,2.0,.333,.200,1.7,2.0,.833,0.0,0.7,0.7,1.0,1.0,0.0,0.3,1.3,3.0
428,Dennis Smith Jr.\smithde03,PG,23,DET,14,7,20.6,3.1,7.8,.404,1.2,3.3,.370,1.9,4.5,.429,.482,0.4,0.6,.750,0.8,2.1,2.9,3.8,1.1,0.8,1.3,1.6,7.9
429,Ish Smith\smithis01,PG,32,WAS,19,1,20.6,2.3,6.1,.379,0.3,1.1,.250,2.1,5.1,.406,.401,0.3,0.8,.400,0.5,2.9,3.5,4.7,0.8,0.2,1.0,0.9,5.2
430,Jalen Smith\smithja04,PF,20,PHO,13,0,4.9,0.6,1.5,.400,0.2,0.6,.250,0.5,0.9,.500,.450,0.1,0.2,.333,0.4,0.7,1.1,0.2,0.0,0.2,0.2,0.5,1.5
431,Tony Snell\snellto01,SG,29,ATL,28,11,19.3,1.9,3.8,.514,1.5,2.6,.568,0.4,1.1,.387,.714,0.1,0.1,1.000,0.4,1.9,2.3,1.4,0.1,0.3,0.5,1.4,5.4
432,Ray Spalding\spaldra01,C,23,HOU,2,0,9.5,1.0,2.0,.500,0.0,0.5,.000,1.0,1.5,.667,.500,0.0,1.0,.000,1.0,1.0,2.0,0.0,0.0,1.0,1.5,1.5,2.0
433,Cassius Stanley\stanlca01,SG,21,IND,10,0,2.7,0.3,1.1,.273,0.1,0.4,.250,0.2,0.7,.286,.318,0.4,0.5,.800,0.2,0.3,0.5,0.0,0.0,0.2,0.1,0.7,1.1
434,Lamar Stevens\stevela01,PF,23,CLE,27,0,13.7,1.6,3.9,.410,0.1,0.7,.105,1.5,3.2,.477,.419,1.1,1.6,.714,0.6,2.1,2.7,0.9,0.4,0.3,0.6,1.5,4.4
435,Isaiah Stewart\stewais01,C,19,DET,39,2,19.0,2.6,4.6,.564,0.1,0.3,.455,2.5,4.3,.571,.578,0.7,1.0,.675,2.4,3.5,5.9,0.8,0.6,1.0,0.9,2.5,6.0
436,Max Strus\strusma01,SF,24,MIA,21,0,14.0,2.4,5.1,.463,1.5,4.2,.364,0.9,1.0,.900,.611,0.5,0.7,.714,0.1,0.9,1.0,0.5,0.1,0.0,0.1,1.2,6.8
437,Edmond Sumner\sumneed01,SG,25,IND,27,4,11.7,1.9,3.6,.510,0.4,1.2,.344,1.4,2.4,.591,.566,1.0,1.2,.788,0.3,1.0,1.4,0.4,0.6,0.1,0.9,1.3,5.1
438,Jae'Sean Tate\tateja01,SF,25,HOU,40,28,27.9,4.1,7.9,.517,0.7,2.2,.303,3.4,5.7,.601,.560,1.3,1.7,.739,1.8,3.4,5.2,1.7,1.2,0.5,1.2,3.1,10.2
439,Jayson Tatum\tatumja01,SF,22,BOS,36,36,35.7,9.2,20.6,.445,2.7,7.1,.374,6.5,13.4,.483,.510,4.0,4.7,.852,0.7,6.2,6.9,4.3,1.4,0.4,2.5,2.0,25.0
440,Jeff Teague\teaguje01,PG,32,BOS,32,4,17.5,2.0,5.3,.373,0.7,1.6,.420,1.3,3.7,.353,.435,1.4,1.6,.865,0.3,1.4,1.7,2.0,0.8,0.2,1.1,1.2,6.0
441,Garrett Temple\templga01,SG,34,CHI,35,12,27.9,3.1,7.4,.425,1.3,3.8,.343,1.8,3.6,.512,.514,0.9,1.1,.816,0.6,2.6,3.1,2.0,0.9,0.5,1.0,2.3,8.5
442,Tyrell Terry\terryty01,PG,20,DAL,11,0,5.1,0.5,1.5,.313,0.0,0.6,.000,0.5,0.8,.556,.313,0.1,0.3,.333,0.0,0.5,0.5,0.5,0.5,0.0,0.2,0.2,1.0
443,Daniel Theis\theisda01,C,28,BOS,39,34,24.1,3.7,6.6,.563,0.7,2.2,.341,2.9,4.4,.673,.619,1.1,1.6,.688,1.3,3.8,5.2,1.5,0.6,1.0,1.0,2.9,9.3
444,Brodric Thomas\thomabr01,SG,24,TOT,7,0,7.1,1.1,2.4,.471,0.4,1.4,.300,0.7,1.0,.714,.559,1.0,1.3,.778,0.1,0.6,0.7,1.0,0.3,0.1,0.6,1.1,3.7
444,Brodric Thomas\thomabr01,SG,24,HOU,4,0,6.0,0.5,1.8,.286,0.3,1.5,.167,0.3,0.3,1.000,.357,1.3,1.8,.714,0.3,0.8,1.0,1.0,0.3,0.3,1.0,1.3,2.5
444,Brodric Thomas\thomabr01,SG,24,CLE,3,0,8.7,2.0,3.3,.600,0.7,1.3,.500,1.3,2.0,.667,.700,0.7,0.7,1.000,0.0,0.3,0.3,1.0,0.3,0.0,0.0,1.0,5.3
445,Matt Thomas\thomama02,SG,26,TOR,25,0,7.5,0.9,2.3,.379,0.6,1.6,.385,0.3,0.8,.368,.509,0.2,0.3,.857,0.1,0.7,0.8,0.4,0.1,0.0,0.2,0.4,2.6
446,Tristan Thompson\thomptr01,PF,29,BOS,36,31,22.5,3.3,6.2,.534,0.0,0.1,.000,3.3,6.1,.541,.534,1.3,2.2,.600,3.1,5.3,8.4,1.0,0.4,0.4,1.0,2.1,7.9
447,Sindarius Thornwell\thornsi01,SG,26,NOP,14,1,5.2,0.5,1.5,.333,0.2,0.6,.333,0.3,0.9,.333,.405,0.0,0.1,.000,0.1,0.3,0.4,0.3,0.4,0.1,0.3,0.2,1.2
448,Matisse Thybulle\thybuma01,SG,23,PHI,38,4,18.4,1.4,3.4,.414,0.6,2.0,.307,0.8,1.4,.566,.504,0.2,0.4,.571,0.5,1.1,1.6,1.0,1.6,0.9,0.4,2.1,3.6
449,Killian Tillie\tilliki02,C,22,MEM,4,0,7.5,0.5,2.5,.200,0.5,1.3,.400,0.0,1.3,.000,.300,0.3,0.5,.500,0.8,0.5,1.3,0.3,0.3,0.8,0.3,1.3,1.8
450,Xavier Tillman Sr.\tillmxa01,PF,22,MEM,32,7,19.1,2.8,5.4,.523,0.3,1.1,.278,2.5,4.3,.588,.552,0.6,0.8,.741,1.3,2.9,4.3,1.5,0.9,0.6,0.8,2.3,6.6
451,Obi Toppin\toppiob01,PF,22,NYK,32,0,12.2,1.8,3.8,.479,0.4,1.4,.304,1.4,2.3,.587,.537,0.3,0.5,.733,0.5,1.9,2.4,0.5,0.3,0.3,0.6,1.0,4.4
452,Juan Toscano-Anderson\toscaju01,SG,27,GSW,28,13,18.9,1.9,3.6,.525,0.5,1.4,.375,1.4,2.2,.623,.599,0.5,0.6,.722,0.6,3.4,4.0,2.1,0.5,0.5,1.1,2.1,4.8
453,Karl-Anthony Towns\townska01,C,25,MIN,22,22,33.4,8.4,16.3,.513,2.0,5.3,.385,6.3,11.0,.574,.575,4.4,5.0,.865,2.6,7.6,10.2,4.2,0.8,1.6,3.5,3.6,23.1
454,Gary Trent Jr.\trentga02,SG,22,POR,39,23,31.2,5.3,12.9,.413,2.9,7.5,.392,2.4,5.4,.441,.527,1.4,1.8,.775,0.5,1.7,2.3,1.5,0.9,0.2,0.8,1.5,15.0
455,P.J. Tucker\tuckepj01,PF,35,HOU,32,32,30.0,1.5,4.1,.366,0.8,2.7,.314,0.7,1.4,.467,.469,0.6,0.7,.783,1.0,3.6,4.6,1.4,0.9,0.6,1.0,2.8,4.4
456,Myles Turner\turnemy01,C,24,IND,38,38,30.9,4.6,9.5,.485,1.4,4.4,.321,3.2,5.1,.627,.560,2.4,3.1,.782,1.4,5.1,6.5,1.0,0.9,3.4,1.3,3.5,13.1
457,Jonas Valančiūnas\valanjo01,C,28,MEM,33,32,27.5,6.5,11.6,.557,0.3,1.0,.313,6.2,10.7,.580,.570,2.5,3.4,.726,3.7,8.3,12.0,1.8,0.6,0.7,2.0,3.0,15.8
458,Denzel Valentine\valende01,SG,27,CHI,36,3,18.6,2.9,7.7,.380,1.5,4.4,.338,1.4,3.2,.440,.478,0.2,0.2,1.000,0.4,3.6,4.0,1.7,0.7,0.0,0.6,1.1,7.5
459,Jarred Vanderbilt\vandeja01,PF,21,MIN,40,22,18.4,2.4,3.9,.610,0.0,0.1,.500,2.3,3.8,.612,.614,1.1,1.8,.583,1.7,4.0,5.7,1.4,1.0,0.7,1.1,2.0,5.8
460,Fred VanVleet\vanvlfr01,SG,26,TOR,36,36,36.7,6.5,16.5,.395,3.3,8.7,.374,3.3,7.8,.418,.493,3.6,4.0,.895,0.7,3.7,4.4,6.6,1.8,0.8,2.0,2.5,19.8
461,Devin Vassell\vassede01,SF,20,SAS,31,1,17.2,1.9,4.6,.410,1.0,2.4,.413,0.9,2.2,.406,.517,0.6,0.7,.826,0.5,2.6,3.2,1.1,1.0,0.3,0.5,1.4,5.4
462,Gabe Vincent\vincega01,PG,24,MIA,27,5,14.3,2.1,5.6,.373,0.9,3.4,.261,1.2,2.1,.552,.453,0.7,0.8,.905,0.1,1.0,1.1,1.2,0.4,0.1,0.7,1.7,5.7
463,Noah Vonleh\vonleno01,PF,25,BRK,4,0,2.8,0.0,0.8,.000,0.0,0.5,.000,0.0,0.3,.000,.000,0.0,0.0,,0.0,0.3,0.3,0.3,0.0,0.0,0.5,0.5,0.0
464,Nikola Vučević\vucevni01,C,30,ORL,41,41,34.0,10.0,20.6,.483,2.7,6.6,.405,7.3,14.0,.520,.548,2.1,2.6,.838,2.0,9.8,11.8,3.9,1.0,0.6,2.0,1.8,24.7
465,Dean Wade\wadede01,PF,24,CLE,33,5,12.2,1.2,3.0,.410,0.8,2.1,.371,0.5,0.9,.500,.540,0.2,0.4,.615,0.5,1.7,2.2,0.6,0.2,0.3,0.4,0.8,3.5
466,Moritz Wagner\wagnemo01,C,23,WAS,24,13,14.7,2.5,4.9,.500,0.5,1.7,.300,2.0,3.3,.603,.551,1.5,2.0,.771,0.5,2.5,3.0,1.2,0.9,0.3,0.8,2.4,7.0
467,Kemba Walker\walkeke02,PG,30,BOS,24,24,30.5,6.0,15.6,.388,2.8,7.9,.358,3.2,7.7,.418,.479,2.9,3.2,.921,0.3,3.2,3.5,4.6,1.0,0.3,2.2,1.4,17.8
468,Lonnie Walker\walkelo01,SG,22,SAS,35,29,26.5,4.3,10.3,.414,1.7,4.8,.347,2.6,5.6,.472,.494,1.0,1.3,.795,0.2,2.5,2.8,1.7,0.5,0.4,1.1,2.0,11.2
469,John Wall\walljo01,PG,30,HOU,26,26,31.6,7.5,17.7,.425,2.0,6.0,.342,5.5,11.7,.467,.483,4.0,5.4,.738,0.4,2.8,3.2,6.1,0.8,0.7,3.4,1.2,21.0
470,Brad Wanamaker\wanambr01,PG,31,GSW,38,0,16.2,1.6,4.4,.361,0.3,1.6,.220,1.3,2.9,.436,.399,1.3,1.5,.893,0.2,1.4,1.7,2.6,0.7,0.2,1.0,1.4,4.9
471,T.J. Warren\warretj01,SF,27,IND,4,4,29.3,6.8,12.8,.529,0.0,1.8,.000,6.8,11.0,.614,.529,2.0,2.5,.800,0.5,3.0,3.5,1.3,0.5,0.0,1.0,4.0,15.5
472,P.J. Washington\washipj01,PF,22,CHO,36,36,29.4,4.4,9.7,.460,1.5,3.5,.417,3.0,6.1,.484,.536,2.2,2.8,.800,1.5,4.9,6.3,2.8,1.0,1.2,2.1,2.8,12.6
473,Yuta Watanabe\watanyu01,SF,26,TOR,26,1,11.6,0.8,2.6,.313,0.5,1.3,.371,0.3,1.2,.250,.410,0.3,0.4,.900,0.8,2.2,3.0,0.5,0.4,0.5,0.3,0.9,2.5
474,Tremont Waters\watertr01,PG,23,BOS,10,1,9.8,1.0,3.1,.323,0.6,1.5,.400,0.4,1.6,.250,.419,0.7,0.8,.875,0.2,0.6,0.8,3.0,0.6,0.0,1.3,0.6,3.3
475,Paul Watson\watsopa01,SF,26,TOR,21,0,8.9,0.9,2.0,.419,0.6,1.5,.406,0.2,0.5,.455,.570,0.1,0.2,.500,0.1,1.1,1.3,0.4,0.2,0.1,0.3,1.1,2.4
476,Quinndary Weatherspoon\weathqu01,SG,24,SAS,7,0,5.4,0.3,1.0,.286,0.0,0.1,.000,0.3,0.9,.333,.286,0.3,0.3,1.000,0.0,0.4,0.4,0.6,0.6,0.1,1.0,1.0,0.9
477,Russell Westbrook\westbru01,PG,32,WAS,33,33,34.7,8.3,18.9,.441,1.3,4.1,.321,7.0,14.8,.473,.475,3.8,6.3,.598,1.6,8.0,9.6,10.2,1.2,0.3,4.8,2.8,21.8
478,Coby White\whiteco01,PG,20,CHI,40,36,32.4,5.7,13.8,.414,2.3,6.6,.351,3.4,7.2,.472,.498,1.8,2.0,.889,0.5,4.2,4.7,4.8,0.5,0.2,2.3,2.6,15.5
479,Derrick White\whitede01,SG,26,SAS,14,10,25.6,4.1,10.8,.384,1.8,5.4,.333,2.4,5.4,.434,.467,2.6,3.0,.857,0.2,2.1,2.3,3.4,0.7,1.1,1.3,2.6,12.6
480,Hassan Whiteside\whiteha01,C,31,SAC,25,1,14.8,3.4,6.2,.558,0.0,0.0,.000,3.4,6.1,.562,.558,1.2,2.4,.525,1.6,4.2,5.8,0.5,0.2,1.4,1.1,1.9,8.1
481,Greg Whittington\whittgr01,PF,27,DEN,4,0,3.0,0.0,0.8,.000,0.0,0.5,.000,0.0,0.3,.000,.000,0.0,0.0,,0.0,0.0,0.0,0.0,0.0,0.0,0.0,0.0,0.0
482,Andrew Wiggins\wiggian01,PF,25,GSW,42,42,32.1,6.7,14.2,.475,1.9,5.1,.379,4.8,9.1,.529,.543,2.3,3.4,.683,1.1,3.5,4.6,2.1,0.9,1.0,1.8,2.2,17.7
483,Grant Williams\willigr01,PF,22,BOS,33,6,18.2,1.8,4.0,.450,0.8,2.0,.418,0.9,1.9,.484,.557,0.6,1.1,.543,1.0,1.9,2.9,0.8,0.5,0.4,0.8,2.6,5.0
484,Kenrich Williams\willike04,PF,26,OKC,41,6,19.5,2.9,5.1,.565,0.6,1.4,.414,2.3,3.7,.623,.622,0.5,0.9,.541,1.3,2.8,4.0,1.8,0.7,0.2,0.9,1.8,6.8
485,Lou Williams\willilo02,PG,34,LAC,39,3,22.3,4.4,10.4,.423,1.1,2.8,.394,3.3,7.6,.434,.476,2.4,2.8,.852,0.4,1.8,2.2,3.6,0.9,0.1,1.5,1.0,12.2
486,Patrick Williams\willipa01,PF,19,CHI,39,39,28.1,3.7,8.1,.460,0.9,2.3,.396,2.8,5.7,.487,.517,1.5,1.9,.773,1.0,3.9,4.9,1.3,0.7,0.7,1.4,2.2,9.8
487,Robert Williams\williro04,C,23,BOS,34,0,16.9,3.4,4.6,.728,0.0,0.0,.000,3.4,4.6,.732,.728,0.8,1.3,.636,2.4,4.0,6.4,1.2,0.9,1.7,1.1,1.9,7.6
488,Zion Williamson\willizi01,PF,20,NOP,39,39,32.7,9.9,16.0,.618,0.2,0.5,.316,9.7,15.5,.627,.622,5.6,8.1,.698,2.7,4.3,7.0,3.5,0.9,0.7,2.5,2.3,25.6
489,D.J. Wilson\wilsodj01,PF,24,TOT,13,0,8.6,1.2,3.5,.356,0.8,2.2,.345,0.5,1.2,.375,.467,0.1,0.2,.500,0.2,1.9,2.2,0.2,0.1,0.3,0.3,1.0,3.3
489,D.J. Wilson\wilsodj01,PF,24,MIL,12,0,8.8,1.3,3.6,.372,0.8,2.3,.357,0.5,1.3,.400,.488,0.1,0.2,.500,0.3,1.8,2.1,0.3,0.1,0.3,0.3,1.1,3.6
489,D.J. Wilson\wilsodj01,F,24,HOU,1,0,7.0,0.0,2.0,.000,0.0,1.0,.000,0.0,1.0,.000,.000,0.0,0.0,,0.0,3.0,3.0,0.0,0.0,0.0,0.0,0.0,0.0
490,Dylan Windler\windldy01,SF,24,CLE,27,0,17.5,2.0,4.4,.442,0.9,2.7,.347,1.0,1.8,.583,.546,0.8,1.0,.808,0.7,3.1,3.8,1.1,0.6,0.4,1.0,1.2,5.6
491,Justise Winslow\winslju01,SF,24,MEM,11,0,21.5,3.5,9.6,.358,0.5,2.5,.179,3.0,7.1,.423,.382,0.7,1.3,.571,0.7,4.0,4.7,1.7,0.5,0.5,1.5,2.5,8.1
492,Cassius Winston\winstca01,PG,22,WAS,8,0,6.4,0.6,1.5,.417,0.5,1.1,.444,0.1,0.4,.333,.583,0.3,0.3,1.000,0.0,0.6,0.6,1.0,0.0,0.1,0.1,0.5,2.0
493,James Wiseman\wisemja01,C,19,GSW,29,17,20.8,4.9,9.4,.526,0.4,1.0,.367,4.6,8.3,.545,.546,1.6,2.6,.613,1.5,4.5,6.0,0.6,0.3,1.0,1.5,3.2,11.8
494,Christian Wood\woodch01,C,25,HOU,19,19,30.7,8.7,15.4,.563,1.7,4.3,.402,6.9,11.1,.626,.619,2.6,4.0,.658,1.7,8.5,10.2,1.4,0.9,1.5,1.9,1.8,21.7
495,Robert Woodard\woodaro01,SF,21,SAC,6,0,2.8,1.0,1.8,.545,0.2,0.5,.333,0.8,1.3,.625,.591,0.0,0.3,.000,0.5,0.8,1.3,0.0,0.0,0.0,0.2,0.0,2.2
496,Delon Wright\wrighde01,SG,28,DET,34,29,29.4,3.8,8.2,.464,0.9,2.5,.365,2.9,5.7,.508,.520,2.1,2.6,.789,1.0,3.6,4.6,5.1,1.5,0.5,1.3,1.3,10.6
497,Thaddeus Young\youngth01,PF,32,CHI,36,4,25.2,5.7,9.4,.603,0.2,0.6,.261,5.5,8.8,.628,.612,0.8,1.4,.529,2.5,3.9,6.4,4.4,1.3,0.6,2.0,2.6,12.3
498,Trae Young\youngtr01,PG,22,ATL,39,39,34.2,7.6,17.6,.433,2.5,6.6,.375,5.2,11.0,.469,.504,8.2,9.4,.872,0.7,3.4,4.1,9.4,0.8,0.2,4.3,2.0,25.9
499,Cody Zeller\zelleco01,C,28,CHO,23,20,22.5,3.8,7.6,.506,0.1,0.9,.150,3.7,6.7,.552,.514,1.4,2.0,.702,2.4,4.7,7.1,2.3,0.7,0.5,1.0,2.3,9.2
500,Ivica Zubac\zubaciv01,C,23,LAC,42,3,20.3,3.3,4.9,.662,0.0,0.0,.000,3.3,4.9,.668,.662,1.9,2.3,.813,2.5,4.5,7.0,1.1,0.4,0.8,1.0,2.4,8.4